pad_a,pad_b,r_a,r_b,depth_m,depth_ratio,layer_a,layer_b,upper_by_index,drawn_on_top,lower_index_on_top
0,38,0.8624,1.2086,0.0503,0.0584,293,196,0,0,0
0,116,0.8624,0.887,0.0685,0.0794,293,20,0,0,0
0,152,0.8624,0.5238,0.1151,0.2198,293,305,152,152,0
0,186,0.8624,0.6385,0.1405,0.2201,293,100,0,0,0
0,191,0.8624,0.8331,0.1834,0.2201,293,207,0,0,0
1,54,1.5654,1.5623,0.3436,0.2199,175,107,1,1,0
1,65,1.5654,0.8547,0.1876,0.2195,175,201,65,65,0
1,193,1.5654,0.6538,0.1439,0.22,175,294,193,193,0
1,234,1.5654,0.5617,0.1236,0.22,175,123,1,1,0
1,241,1.5654,0.6356,0.1398,0.22,175,217,241,241,0
1,251,1.5654,0.757,0.1656,0.2188,175,87,1,1,0
1,259,1.5654,0.4651,0.1024,0.2201,175,316,259,259,0
2,5,0.7756,1.691,0.0505,0.0652,75,228,5,5,0
2,30,0.7756,0.9272,0.1707,0.2201,75,221,30,30,0
2,98,0.7756,1.6122,0.1706,0.2199,75,138,98,98,0
2,187,0.7756,0.427,0.0939,0.22,75,251,187,187,0
2,261,0.7756,0.4792,0.1055,0.2201,75,68,2,2,0
3,8,1.6893,0.9364,0.206,0.22,159,273,8,8,0
3,273,1.6893,0.5229,0.0587,0.1123,159,165,273,273,0
4,49,1.1422,0.5462,0.1203,0.2202,47,259,49,49,0
4,69,1.1422,1.1096,0.2294,0.2067,47,193,69,69,0
4,74,1.1422,1.1546,0.2514,0.2201,47,230,74,74,0
4,103,1.1422,0.6784,0.1492,0.22,47,275,103,103,0
4,117,1.1422,0.8325,0.1832,0.2201,47,143,117,117,0
4,132,1.1422,0.5373,0.1183,0.2201,47,19,4,4,0
5,32,1.691,1.1796,0.1916,0.1625,228,315,32,32,0
5,98,1.691,1.6122,0.3547,0.22,228,138,5,5,0
5,149,1.691,0.6976,0.1297,0.186,228,291,149,149,0
5,245,1.691,0.4312,0.095,0.2203,228,5,5,5,0
5,247,1.691,0.6297,0.1386,0.2201,228,3,5,5,0
5,261,1.691,0.4792,0.1055,0.2202,228,68,5,5,0
5,297,1.691,0.4593,0.0722,0.1571,228,186,5,5,0
6,31,1.4587,0.959,0.2111,0.2201,256,25,6,6,0
6,47,1.4587,0.5619,0.1237,0.2202,256,59,6,6,0
6,137,1.4587,0.5695,0.0768,0.1348,256,12,6,6,0
6,171,1.4587,1.0245,0.2255,0.2201,256,286,171,171,0
6,303,1.4587,0.4841,0.0989,0.2043,256,4,6,6,0
6,305,1.4587,0.504,0.111,0.2202,256,49,6,6,0
7,27,0.4802,1.7253,0.1058,0.2203,78,213,27,27,0
7,161,0.4802,0.5559,0.1057,0.22,78,306,161,161,0
8,115,0.9364,0.9126,0.2008,0.22,273,102,8,8,0
8,151,0.9364,0.6134,0.1042,0.1699,273,44,8,8,0
8,222,0.9364,0.5198,0.1144,0.2201,273,21,8,8,0
8,238,0.9364,0.5014,0.1103,0.22,273,269,8,8,0
9,64,1.2207,0.8343,0.1836,0.2201,36,302,64,64,0
9,77,1.2207,1.7268,0.1053,0.0863,36,185,77,77,0
9,113,1.2207,0.4305,0.0685,0.1591,36,208,113,113,0
9,145,1.2207,0.7473,0.1645,0.2202,36,77,145,145,0
9,169,1.2207,0.6978,0.1536,0.2201,36,292,169,169,0
9,230,1.2207,1.1142,0.2453,0.2202,36,195,230,230,0
10,88,0.5593,0.4642,0.1021,0.2201,187,130,10,10,0
10,268,0.5593,0.8126,0.0945,0.169,187,16,10,10,0
10,284,0.5593,0.5836,0.123,0.2199,187,120,10,10,0
11,40,1.1072,0.7889,0.1736,0.22,219,60,11,11,0
11,118,1.1072,0.4645,0.0994,0.2139,219,229,118,118,0
11,179,1.1072,0.4544,0.1,0.2201,219,247,179,179,0
11,210,1.1072,0.9101,0.2002,0.22,219,150,11,11,0
11,266,1.1072,0.5617,0.099,0.1763,219,253,266,266,0
12,156,0.8116,1.3953,0.1761,0.217,149,176,156,156,0
12,277,0.8116,0.7646,0.1682,0.22,149,274,277,277,0
13,46,1.6657,1.6839,0.2742,0.1646,303,136,13,13,0
13,73,1.6657,1.2132,0.267,0.2201,303,249,13,13,0
13,94,1.6657,0.8026,0.096,0.1197,303,290,13,13,0
13,116,1.6657,0.887,0.1953,0.2201,303,20,13,13,0
13,225,1.6657,0.4489,0.0989,0.2202,303,170,13,13,0
13,265,1.6657,0.9051,0.1993,0.2202,303,152,13,13,0
14,19,1.0297,1.3624,0.2265,0.22,52,252,19,19,0
14,22,1.0297,1.5685,0.2266,0.2201,52,81,22,22,0
14,80,1.0297,0.7384,0.1624,0.2199,52,237,80,80,0
14,183,1.0297,0.6546,0.1407,0.2149,52,71,183,183,0
15,209,0.5027,0.8575,0.1106,0.22,28,84,209,209,0
15,213,0.5027,0.5382,0.0231,0.0459,28,156,213,213,0
15,219,0.5027,0.6158,0.0515,0.1023,28,173,219,219,0
15,281,0.5027,0.4536,0.0997,0.2198,28,174,281,281,0
15,308,0.5027,0.5627,0.1107,0.2203,28,300,308,308,0
16,36,1.1346,1.1692,0.1668,0.1471,39,115,36,36,0
16,43,1.1346,0.6903,0.1511,0.2189,39,153,43,43,0
16,70,1.1346,0.6889,0.081,0.1176,39,224,70,70,0
16,153,1.1346,0.5761,0.0853,0.148,39,296,153,153,0
16,173,1.1346,0.5253,0.1156,0.2201,39,295,173,173,0
16,218,1.1346,0.654,0.1439,0.22,39,109,218,218,0
16,220,1.1346,0.4435,0.0975,0.2199,39,35,16,16,0
16,276,1.1346,0.5308,0.0592,0.1115,39,162,276,276,0
17,41,1.6655,0.89,0.196,0.2202,67,45,17,17,0
17,201,1.6655,0.8825,0.1942,0.2201,67,76,201,201,0
17,224,1.6655,0.5992,0.0347,0.0579,67,38,17,17,0
17,248,1.6655,0.5117,0.1126,0.22,67,191,248,248,0
17,271,1.6655,0.4516,0.0992,0.2196,67,182,271,271,0
17,292,1.6655,0.5902,0.1299,0.22,67,262,292,292,0
17,294,1.6655,0.5207,0.1036,0.199,67,6,17,17,0
18,63,0.7807,0.9688,0.1333,0.1708,231,110,18,18,0
18,134,0.7807,0.611,0.1345,0.2201,231,163,18,18,0
18,240,0.7807,0.46,0.1012,0.22,231,197,18,18,0
18,269,0.7807,0.7454,0.1641,0.2202,231,61,18,18,0
18,270,0.7807,0.6096,0.1263,0.2072,231,72,18,18,0
19,120,1.3624,0.7043,0.1373,0.1949,252,23,19,19,0
19,170,1.3624,1.2346,0.2717,0.2201,252,310,170,170,0
19,223,1.3624,0.7268,0.1599,0.22,252,142,19,19,0
19,279,1.3624,0.5587,0.0875,0.1566,252,124,19,19,0
20,71,0.8447,1.0444,0.1859,0.2201,122,192,71,71,0
20,107,0.8447,1.0789,0.1859,0.2201,122,42,20,20,0
20,204,0.8447,0.4541,0.0845,0.1861,122,70,20,20,0
20,227,0.8447,0.5711,0.1213,0.2124,122,280,227,227,0
20,241,0.8447,0.6356,0.1398,0.22,122,217,241,241,0
20,256,0.8447,0.6144,0.0331,0.0538,122,232,256,256,0
21,23,1.063,1.0151,0.1864,0.1837,92,46,21,21,0
21,39,1.063,0.6964,0.1532,0.2199,92,264,39,39,0
21,63,1.063,0.9688,0.2132,0.2201,92,110,63,63,0
21,156,1.063,1.3953,0.157,0.1477,92,176,156,156,0
21,252,1.063,0.6575,0.1446,0.2199,92,268,252,252,0
22,57,1.5685,1.3715,0.198,0.1444,81,86,57,57,0
22,98,1.5685,1.6122,0.3452,0.2201,81,138,98,98,0
22,149,1.5685,0.6976,0.1536,0.2201,81,291,149,149,0
22,183,1.5685,0.6546,0.0861,0.1315,81,71,22,22,0
22,216,1.5685,0.4793,0.1055,0.2201,81,164,216,216,0
23,108,1.0151,1.0423,0.2234,0.2201,46,236,108,108,0
23,217,1.0151,0.5244,0.1154,0.22,46,121,217,217,0
23,252,1.0151,0.6575,0.1447,0.22,46,268,252,252,0
23,274,1.0151,0.5035,0.1108,0.2201,46,116,274,274,0
23,277,1.0151,0.7646,0.0539,0.0705,46,274,277,277,0
24,62,0.779,0.6816,0.0089,0.0131,56,209,62,62,0
24,151,0.779,0.6134,0.0131,0.0213,56,44,24,24,0
24,198,0.779,0.7463,0.1643,0.2201,56,235,198,198,0
24,208,0.779,1.0439,0.1711,0.2196,56,313,208,208,0
24,222,0.779,0.5198,0.1144,0.2201,56,21,24,24,0
24,312,0.779,0.7787,0.0665,0.0854,56,257,312,312,0
25,51,1.4566,1.3683,0.3011,0.2201,261,7,25,25,0
25,153,1.4566,0.5761,0.1267,0.22,261,296,153,153,0
25,170,1.4566,1.2346,0.2717,0.2201,261,310,170,170,0
25,220,1.4566,0.4435,0.0977,0.2203,261,35,25,25,0
25,242,1.4566,0.4421,0.0973,0.2202,261,119,25,25,0
26,84,0.5527,1.4881,0.1215,0.2198,93,113,84,84,0
27,34,1.7253,1.0073,0.2216,0.22,213,11,27,27,0
27,119,1.7253,1.1839,0.0617,0.0521,213,271,119,119,0
27,139,1.7253,0.7249,0.0439,0.0606,213,181,27,27,0
27,244,1.7253,0.8368,0.0986,0.1178,213,91,27,27,0
27,260,1.7253,0.5441,0.1197,0.22,213,62,27,27,0
27,288,1.7253,0.5222,0.1151,0.2205,213,299,288,288,0
27,311,1.7253,0.47,0.1035,0.2202,213,14,27,27,0
27,312,1.7253,0.7787,0.1669,0.2143,213,257,312,312,0
28,79,1.6374,0.6385,0.1406,0.2201,54,108,79,79,0
28,138,1.6374,0.4467,0.0983,0.2201,54,312,138,138,0
28,152,1.6374,0.5238,0.1154,0.2203,54,305,152,152,0
28,168,1.6374,0.6363,0.14,0.22,54,69,168,168,0
28,175,1.6374,0.4468,0.0984,0.2201,54,245,175,175,0
28,180,1.6374,0.5803,0.1278,0.2202,54,281,180,180,0
28,205,1.6374,0.5517,0.1214,0.2201,54,137,205,205,0
28,272,1.6374,0.5092,0.1121,0.2202,54,128,272,272,0
29,38,1.3004,1.2086,0.2104,0.1741,160,196,38,38,0
29,130,1.3004,0.7494,0.165,0.2202,160,184,130,130,0
29,189,1.3004,0.6199,0.0918,0.1481,160,265,189,189,0
29,199,1.3004,0.8268,0.1391,0.1682,160,204,199,199,0
29,243,1.3004,0.7004,0.1541,0.22,160,171,243,243,0
30,123,0.9272,0.7833,0.08,0.1021,221,168,30,30,0
30,127,0.9272,0.5208,0.0857,0.1645,221,10,30,30,0
30,187,0.9272,0.427,0.093,0.2177,221,251,187,187,0
31,231,0.959,0.4271,0.094,0.2201,25,129,231,231,0
31,232,0.959,0.6406,0.1408,0.2199,25,288,232,232,0
31,293,0.959,0.5507,0.121,0.2197,25,248,293,293,0
31,303,0.959,0.4841,0.021,0.0434,25,4,31,31,0
32,58,1.1796,0.9652,0.1703,0.1764,315,15,32,32,0
32,60,1.1796,1.6183,0.2566,0.2175,315,48,32,32,0
32,157,1.1796,0.5601,0.0225,0.0401,315,298,32,32,0
32,282,1.1796,0.4302,0.0947,0.2202,315,289,32,32,0
33,43,0.5466,0.6903,0.1203,0.22,97,153,43,43,0
33,64,0.5466,0.8343,0.1203,0.2202,97,302,64,64,0
33,174,0.5466,0.5315,0.1171,0.2203,97,297,174,174,0
33,316,0.5466,0.5005,0.1102,0.2202,97,34,33,33,0
34,85,1.0073,1.0266,0.2217,0.2201,11,125,85,85,0
34,125,1.0073,0.6925,0.1524,0.2201,11,127,125,125,0
34,185,1.0073,0.7714,0.1698,0.2201,11,83,185,185,0
35,76,1.0203,0.9963,0.2193,0.2201,104,258,76,76,0
35,91,1.0203,1.3463,0.2245,0.2201,104,283,91,91,0
35,163,1.0203,0.5125,0.1097,0.214,104,144,163,163,0
35,201,1.0203,0.8825,0.1942,0.22,104,76,35,35,0
35,228,1.0203,0.5302,0.1165,0.2197,104,55,35,35,0
35,309,1.0203,0.5216,0.0979,0.1876,104,270,309,309,0
36,109,1.1692,1.0535,0.2319,0.2201,115,308,109,109,0
36,126,1.1692,0.4396,0.0967,0.22,115,238,126,126,0
36,218,1.1692,0.654,0.1439,0.2201,115,109,36,36,0
36,276,1.1692,0.5308,0.0137,0.0258,115,162,276,276,0
37,78,0.6607,1.3254,0.1454,0.22,314,189,37,37,0
37,84,0.6607,1.4881,0.0606,0.0917,314,113,37,37,0
37,110,0.6607,0.4215,0.0928,0.2203,314,167,37,37,0
38,44,1.2086,0.5812,0.1272,0.2189,196,255,44,44,0
38,138,1.2086,0.4467,0.0984,0.2202,196,312,138,138,0
38,175,1.2086,0.4468,0.0985,0.2205,196,245,175,175,0
38,189,1.2086,0.6199,0.1364,0.2201,196,265,189,189,0
38,191,1.2086,0.8331,0.1833,0.2201,196,207,191,191,0
39,105,0.6964,0.7576,0.1532,0.22,264,203,39,39,0
39,233,0.6964,0.6434,0.1007,0.1566,264,40,39,39,0
39,274,0.6964,0.5035,0.1108,0.2201,264,116,39,39,0
40,63,0.7889,0.9688,0.1736,0.2201,60,110,63,63,0
40,156,0.7889,1.3953,0.1736,0.22,60,176,156,156,0
40,269,0.7889,0.7454,0.1639,0.2199,60,61,269,269,0
41,57,0.89,1.3715,0.1959,0.2202,45,86,57,57,0
41,248,0.89,0.5117,0.0296,0.0579,45,191,248,248,0
41,264,0.89,0.5452,0.12,0.2202,45,126,264,264,0
41,314,0.89,0.4506,0.0992,0.2202,45,26,41,41,0
42,83,1.559,1.6972,0.3431,0.2201,166,169,83,83,0
42,101,1.559,1.2528,0.2756,0.22,166,309,101,101,0
43,113,0.6903,0.4305,0.0308,0.0716,153,208,113,113,0
43,169,0.6903,0.6978,0.1519,0.2201,153,292,169,169,0
43,173,0.6903,0.5253,0.1156,0.2201,153,295,173,173,0
44,175,0.5812,0.4468,0.0984,0.2202,255,245,44,44,0
44,180,0.5812,0.5803,0.1276,0.2199,255,281,180,180,0
44,243,0.5812,0.7004,0.128,0.2202,255,171,44,44,0
45,115,0.6461,0.9126,0.1422,0.2201,32,102,115,115,0
46,53,1.6839,0.6999,0.154,0.22,136,178,53,53,0
46,141,1.6839,1.6176,0.3338,0.2064,136,148,141,141,0
46,253,1.6839,0.543,0.1195,0.22,136,233,253,253,0
46,265,1.6839,0.9051,0.1991,0.22,136,152,265,265,0
46,300,1.6839,0.5683,0.125,0.22,136,214,300,300,0
46,309,1.6839,0.5216,0.1098,0.2105,136,270,309,309,0
47,171,0.5619,1.0245,0.1237,0.2201,59,286,171,171,0
48,79,0.5601,0.6385,0.1232,0.2199,304,108,48,48,0
48,116,0.5601,0.887,0.0152,0.0272,304,20,48,48,0
48,278,0.5601,0.4412,0.0971,0.2202,304,246,48,48,0
49,68,0.5462,0.4415,0.097,0.2198,259,65,49,49,0
49,176,0.5462,0.491,0.1081,0.2202,259,139,49,49,0
49,290,0.5462,0.5972,0.1198,0.2193,259,50,49,49,0
50,82,1.2805,1.1564,0.2544,0.22,234,220,50,50,0
50,104,1.2805,1.6926,0.2817,0.22,234,96,50,50,0
50,206,1.2805,1.2976,0.2818,0.2201,234,79,50,50,0
50,236,1.2805,0.8906,0.0437,0.0491,234,146,50,50,0
51,157,1.3683,0.5601,0.1232,0.22,7,298,157,157,0
51,223,1.3683,0.7268,0.1459,0.2008,7,142,223,223,0
51,230,1.3683,1.1142,0.2451,0.22,7,195,230,230,0
51,247,1.3683,0.6297,0.1385,0.22,7,3,51,51,0
51,282,1.3683,0.4302,0.0945,0.2196,7,289,282,282,0
52,87,1.6507,1.4301,0.2745,0.1919,33,101,87,87,0
52,212,1.6507,1.0697,0.2355,0.2202,33,267,212,212,0
53,225,0.6999,0.4489,0.0988,0.22,178,170,53,53,0
53,300,0.6999,0.5683,0.0944,0.1662,178,214,300,300,0
54,119,1.5623,1.1839,0.2605,0.22,107,271,119,119,0
54,244,1.5623,0.8368,0.1842,0.2201,107,91,54,54,0
54,256,1.5623,0.6144,0.0962,0.1565,107,232,256,256,0
54,288,1.5623,0.5222,0.115,0.2202,107,299,288,288,0
54,315,1.5623,0.8602,0.1894,0.2202,107,183,315,315,0
55,115,0.6039,0.9126,0.1329,0.22,215,102,55,55,0
55,208,0.6039,1.0439,0.1329,0.2201,215,313,208,208,0
56,158,0.9909,0.6298,0.1387,0.2202,99,0,56,56,0
56,199,0.9909,0.8268,0.1819,0.22,99,204,199,199,0
56,243,0.9909,0.7004,0.1541,0.2201,99,171,243,243,0
57,150,1.3715,0.4516,0.0836,0.1852,86,103,150,150,0
57,216,1.3715,0.4793,0.1056,0.2203,86,164,216,216,0
57,248,1.3715,0.5117,0.1126,0.2201,86,191,248,248,0
57,314,1.3715,0.4506,0.069,0.1531,86,26,57,57,0
58,77,0.9652,1.7268,0.2123,0.22,15,185,77,77,0
58,157,0.9652,0.5601,0.1232,0.22,15,298,157,157,0
58,230,0.9652,1.1142,0.2097,0.2173,15,195,230,230,0
59,143,0.6222,0.9364,0.137,0.2201,118,227,143,143,0
59,251,0.6222,0.757,0.137,0.2201,118,87,59,59,0
59,259,0.6222,0.4651,0.1023,0.22,118,316,259,259,0
60,245,1.6183,0.4312,0.0949,0.22,48,5,60,60,0
61,130,0.8077,0.7494,0.1649,0.22,112,184,130,130,0
61,160,0.8077,1.041,0.1778,0.2201,112,89,61,61,0
61,189,0.8077,0.6199,0.1364,0.2201,112,265,189,189,0
61,191,0.8077,0.8331,0.1777,0.22,112,207,191,191,0
62,112,0.6816,0.5791,0.0533,0.092,209,285,112,112,0
62,198,0.6816,0.7463,0.1501,0.2202,209,235,198,198,0
62,208,0.6816,1.0439,0.1501,0.2202,209,313,208,208,0
62,308,0.6816,0.5627,0.1239,0.2201,209,300,308,308,0
63,105,0.9688,0.7576,0.1666,0.2199,110,203,105,105,0
63,269,0.9688,0.7454,0.1641,0.2202,110,61,63,63,0
63,270,0.9688,0.6096,0.134,0.2199,110,72,63,63,0
64,101,0.8343,1.2528,0.1835,0.2199,302,309,101,101,0
64,145,0.8343,0.7473,0.1642,0.2198,302,77,64,64,0
64,316,0.8343,0.5005,0.0046,0.0091,302,34,64,64,0
65,100,0.8547,0.475,0.1046,0.2201,201,241,100,100,0
65,209,0.8547,0.8575,0.188,0.22,201,84,65,65,0
66,99,0.8525,0.6434,0.1243,0.1931,43,117,99,99,0
66,102,0.8525,0.6591,0.1451,0.2201,43,24,66,66,0
66,148,0.8525,0.4296,0.0945,0.2201,43,80,148,148,0
66,171,0.8525,1.0245,0.1876,0.2201,43,286,171,171,0
66,190,0.8525,0.8345,0.1836,0.22,43,276,190,190,0
66,293,0.8525,0.5507,0.1086,0.1973,43,248,293,293,0
67,161,0.592,0.5559,0.1223,0.22,216,306,161,161,0
67,244,0.592,0.8368,0.129,0.2178,216,91,67,67,0
67,315,0.592,0.8602,0.1302,0.22,216,183,67,67,0
68,203,0.4415,0.4453,0.097,0.2198,65,154,203,203,0
68,290,0.4415,0.5972,0.0972,0.2201,65,50,68,68,0
68,307,0.4415,0.5714,0.0968,0.2194,65,147,307,307,0
69,74,1.1096,1.1546,0.2033,0.1832,193,230,74,74,0
69,118,1.1096,0.4645,0.1023,0.2202,193,229,118,118,0
69,202,1.1096,0.9476,0.2081,0.2196,193,114,69,69,0
69,266,1.1096,0.5617,0.0372,0.0661,193,253,266,266,0
69,283,1.1096,0.5399,0.1189,0.2202,193,223,283,283,0
70,86,0.6889,0.6686,0.1204,0.1801,224,242,86,86,0
70,173,0.6889,0.5253,0.1156,0.2201,224,295,173,173,0
70,218,0.6889,0.654,0.1439,0.2201,224,109,70,70,0
70,298,0.6889,0.5286,0.1163,0.2201,224,13,70,70,0
71,172,1.0444,1.0733,0.2298,0.22,192,82,71,71,0
71,315,1.0444,0.8602,0.1894,0.2201,192,183,71,71,0
72,90,1.1869,0.9765,0.2149,0.2201,37,179,90,90,0
72,141,1.1869,1.6176,0.2611,0.22,37,148,141,141,0
72,142,1.1869,0.5834,0.0905,0.1552,37,131,142,142,0
72,287,1.1869,0.5658,0.1245,0.22,37,263,287,287,0
73,94,1.2132,0.8026,0.1541,0.1919,249,290,94,94,0
74,96,1.1546,1.0454,0.2301,0.2201,230,8,74,74,0
74,132,1.1546,0.5373,0.1183,0.2201,230,19,74,74,0
74,207,1.1546,0.637,0.1402,0.22,230,260,207,207,0
74,255,1.1546,0.9296,0.2045,0.22,230,287,255,255,0
75,107,0.7281,1.0789,0.1211,0.1664,22,42,107,107,0
75,147,0.7281,0.5965,0.1312,0.22,22,225,147,147,0
75,166,0.7281,0.5567,0.1224,0.2199,22,266,166,166,0
75,237,0.7281,0.4833,0.1063,0.22,22,210,237,237,0
76,163,0.9963,0.5125,0.0058,0.0113,258,144,76,76,0
76,167,0.9963,0.8813,0.1938,0.2199,258,94,76,76,0
76,265,0.9963,0.9051,0.1991,0.2199,258,152,76,76,0
76,278,0.9963,0.4412,0.0971,0.2202,258,246,76,76,0
77,145,1.7268,0.7473,0.1644,0.22,185,77,77,77,0
78,95,1.3254,1.1323,0.0864,0.0763,189,226,95,95,0
78,250,1.3254,0.5945,0.1309,0.2202,189,17,78,78,0
79,167,0.6385,0.8813,0.1405,0.2201,108,94,79,79,0
79,301,0.6385,0.4847,0.1068,0.2203,108,27,79,79,0
80,149,0.7384,0.6976,0.1535,0.22,237,291,149,149,0
80,223,0.7384,0.7268,0.1599,0.22,237,142,80,80,0
80,247,0.7384,0.6297,0.1386,0.2201,237,3,80,80,0
81,92,1.0434,1.1591,0.2272,0.2177,85,98,92,92,0
81,131,1.0434,1.6945,0.0102,0.0098,85,133,131,131,0
81,240,1.0434,0.46,0.0076,0.0164,85,197,240,240,0
81,270,1.0434,0.6096,0.1342,0.2201,85,72,81,81,0
82,124,1.1564,1.2886,0.1843,0.1593,220,212,82,82,0
82,182,1.1564,0.5653,0.1244,0.2201,220,194,82,82,0
82,236,1.1564,0.8906,0.196,0.22,220,146,82,82,0
82,255,1.1564,0.9296,0.1516,0.1631,220,287,255,255,0
83,154,1.6972,0.5376,0.1114,0.2073,169,132,83,83,0
83,174,1.6972,0.5315,0.1036,0.1949,169,297,174,174,0
83,211,1.6972,0.5598,0.1232,0.2201,169,158,83,83,0
83,250,1.6972,0.5945,0.131,0.2203,169,17,83,83,0
84,95,1.4881,1.1323,0.2491,0.22,113,226,95,95,0
84,110,1.4881,0.4215,0.0928,0.2201,113,167,110,110,0
84,155,1.4881,1.2208,0.2687,0.2201,113,105,84,84,0
84,229,1.4881,0.4871,0.096,0.1971,113,74,84,84,0
86,154,0.6686,0.5376,0.0501,0.0932,242,132,86,86,0
86,155,0.6686,1.2208,0.1471,0.2201,242,105,86,86,0
86,229,0.6686,0.4871,0.1059,0.2175,242,74,86,86,0
86,298,0.6686,0.5286,0.1026,0.194,242,13,86,86,0
87,254,1.4301,0.5326,0.1172,0.2201,101,9,87,87,0
88,159,0.4642,0.9137,0.1022,0.2202,130,2,88,88,0
88,214,0.4642,0.5141,0.1021,0.2199,130,88,88,88,0
88,262,0.4642,0.6003,0.1021,0.2198,130,145,262,262,0
89,90,1.3514,0.9765,0.2148,0.22,63,179,90,90,0
89,98,1.3514,1.6122,0.1212,0.0897,63,138,98,98,0
89,106,1.3514,0.8902,0.1959,0.22,63,51,89,89,0
89,123,1.3514,0.7833,0.1724,0.22,63,168,123,123,0
89,226,1.3514,0.4501,0.0991,0.2201,63,134,226,226,0
89,264,1.3514,0.5452,0.1199,0.2199,63,126,264,264,0
89,292,1.3514,0.5902,0.1273,0.2157,63,262,292,292,0
90,106,0.9765,0.8902,0.1826,0.2051,179,51,90,90,0
91,97,1.3463,0.7789,0.17,0.2182,283,282,91,91,0
91,215,1.3463,0.4416,0.0971,0.2199,283,190,91,91,0
91,257,1.3463,0.4793,0.1055,0.2202,283,254,91,91,0
91,289,1.3463,0.4493,0.0988,0.22,283,311,289,289,0
92,105,1.1591,0.7576,0.1668,0.2201,98,203,105,105,0
92,166,1.1591,0.5567,0.1225,0.22,98,266,166,166,0
92,197,1.1591,1.2005,0.2551,0.2201,98,140,197,197,0
92,233,1.1591,0.6434,0.1128,0.1753,98,40,92,92,0
92,295,1.1591,0.5341,0.1176,0.2201,98,1,92,92,0
93,99,0.6102,0.6434,0.1193,0.1954,199,117,93,93,0
93,159,0.6102,0.9137,0.1294,0.2121,199,2,93,93,0
93,304,0.6102,0.661,0.1342,0.22,199,188,93,93,0
94,133,0.8026,0.4863,0.107,0.2201,290,206,94,94,0
94,186,0.8026,0.6385,0.1405,0.22,290,100,94,94,0
94,263,0.8026,0.6726,0.0977,0.1452,290,106,94,94,0
96,137,1.0454,0.5695,0.1253,0.22,8,12,137,137,0
96,207,1.0454,0.637,0.1401,0.22,8,260,207,207,0
96,283,1.0454,0.5399,0.1188,0.2201,8,223,283,283,0
97,201,0.7789,0.8825,0.1685,0.2164,282,76,97,97,0
97,224,0.7789,0.5992,0.0958,0.1599,282,38,97,97,0
97,280,0.7789,0.494,0.0212,0.0429,282,301,280,280,0
97,289,0.7789,0.4493,0.0989,0.2201,282,311,289,289,0
98,226,1.6122,0.4501,0.0991,0.2202,138,134,98,98,0
98,264,1.6122,0.5452,0.1201,0.2203,138,126,98,98,0
98,314,1.6122,0.4506,0.059,0.1309,138,26,98,98,0
99,102,0.6434,0.6591,0.1408,0.2188,117,24,99,99,0
99,104,0.6434,1.6926,0.1283,0.1994,117,96,99,99,0
99,148,0.6434,0.4296,0.0946,0.2201,117,80,99,99,0
100,122,0.475,0.845,0.1045,0.2199,241,239,100,100,0
100,251,0.475,0.757,0.1046,0.2203,241,87,100,100,0
102,104,0.6591,1.6926,0.1451,0.2202,24,96,104,104,0
102,231,0.6591,0.4271,0.0941,0.2203,24,129,231,231,0
102,293,0.6591,0.5507,0.0529,0.096,24,248,293,293,0
103,118,0.6784,0.4645,0.0009,0.002,275,229,103,103,0
103,134,0.6784,0.611,0.1345,0.2201,275,163,103,103,0
103,179,0.6784,0.4544,0.1,0.2201,275,247,103,103,0
103,203,0.6784,0.4453,0.098,0.2201,275,154,103,103,0
104,162,1.6926,0.8818,0.1942,0.2202,96,41,104,104,0
104,200,1.6926,0.6124,0.1349,0.2203,96,64,104,104,0
104,258,1.6926,0.6347,0.1398,0.2203,96,161,258,258,0
105,270,0.7576,0.6096,0.0354,0.058,203,72,105,105,0
106,123,0.8902,0.7833,0.1448,0.1848,51,168,123,123,0
107,108,1.0789,1.0423,0.2293,0.22,42,236,108,108,0
107,147,1.0789,0.5965,0.111,0.1861,42,225,147,147,0
107,204,1.0789,0.4541,0.0999,0.22,42,70,204,204,0
107,234,1.0789,0.5617,0.1059,0.1886,42,123,234,234,0
107,241,1.0789,0.6356,0.1389,0.2185,42,217,241,241,0
108,147,1.0423,0.5965,0.1312,0.2199,236,225,108,108,0
108,274,1.0423,0.5035,0.0313,0.0621,236,116,108,108,0
108,286,1.0423,0.5658,0.1246,0.2202,236,172,108,108,0
108,302,1.0423,0.5753,0.1267,0.2202,236,272,302,302,0
109,170,1.0535,1.2346,0.2318,0.22,308,310,170,170,0
109,276,1.0535,0.5308,0.1169,0.2202,308,162,109,109,0
110,229,0.4215,0.4871,0.0927,0.2199,167,74,110,110,0
111,114,0.5854,0.5876,0.1289,0.2201,66,240,114,114,0
111,181,0.5854,0.5424,0.1194,0.2201,66,155,181,181,0
111,291,0.5854,0.4329,0.0954,0.2203,66,307,291,291,0
112,219,0.5791,0.6158,0.0338,0.0584,285,173,112,112,0
112,308,0.5791,0.5627,0.1239,0.2203,285,300,308,308,0
113,169,0.4305,0.6978,0.0902,0.2096,208,292,169,169,0
114,200,0.5876,0.6124,0.0241,0.041,240,64,114,114,0
114,254,0.5876,0.5326,0.1172,0.2201,240,9,114,114,0
114,304,0.5876,0.661,0.099,0.1686,240,188,114,114,0
116,186,0.887,0.6385,0.1406,0.2201,20,100,186,186,0
116,301,0.887,0.4847,0.1068,0.2202,20,27,301,301,0
117,124,0.8325,1.2886,0.1832,0.2201,143,212,124,124,0
117,132,0.8325,0.5373,0.1182,0.22,143,19,117,117,0
117,176,0.8325,0.491,0.108,0.22,143,139,117,117,0
119,198,1.1839,0.7463,0.1643,0.2202,271,235,119,119,0
119,209,1.1839,0.8575,0.1887,0.22,271,84,119,119,0
119,288,1.1839,0.5222,0.1151,0.2203,271,299,288,288,0
119,312,1.1839,0.7787,0.0595,0.0765,271,257,119,119,0
120,183,0.7043,0.6546,0.1421,0.2171,23,71,183,183,0
121,296,0.4416,0.4271,0.094,0.2201,284,250,121,121,0
122,246,0.845,0.4666,0.0416,0.0891,239,205,122,122,0
122,281,0.845,0.4536,0.0999,0.2203,239,174,122,122,0
122,296,0.845,0.4271,0.0839,0.1963,239,250,296,296,0
123,187,0.7833,0.427,0.094,0.2201,168,251,187,187,0
124,236,1.2886,0.8906,0.1959,0.2199,212,146,124,124,0
126,155,0.4396,1.2208,0.0968,0.2202,238,105,126,126,0
127,261,0.5208,0.4792,0.1054,0.22,10,68,261,261,0
128,143,0.6467,0.9364,0.1424,0.2201,218,227,143,143,0
128,217,0.6467,0.5244,0.1154,0.2201,218,121,128,128,0
128,221,0.6467,0.5803,0.0792,0.1365,218,18,128,128,0
128,249,0.6467,0.4942,0.1089,0.2203,218,95,128,128,0
128,267,0.6467,0.4321,0.0951,0.2201,218,180,128,128,0
128,277,0.6467,0.7646,0.1424,0.2201,218,274,277,277,0
129,194,0.4438,0.7384,0.0922,0.2078,30,53,194,194,0
129,202,0.4438,0.9476,0.0789,0.1779,30,114,202,202,0
130,189,0.7494,0.6199,0.0381,0.0614,184,265,189,189,0
131,240,1.6945,0.46,0.1012,0.22,133,197,240,240,0
131,290,1.6945,0.5972,0.1313,0.2199,133,50,131,131,0
131,307,1.6945,0.5714,0.1149,0.2011,133,147,307,307,0
132,182,0.5373,0.5653,0.1183,0.2201,19,194,182,182,0
133,263,0.4863,0.6726,0.1071,0.2201,206,106,133,133,0
134,203,0.611,0.4453,0.098,0.22,163,154,134,134,0
134,269,0.611,0.7454,0.1344,0.2199,163,61,134,134,0
134,307,0.611,0.5714,0.1257,0.2199,163,147,134,134,0
135,164,0.5316,0.611,0.0666,0.1252,243,57,135,135,0
135,255,0.5316,0.9296,0.117,0.2201,243,287,255,255,0
135,310,0.5316,0.5174,0.1139,0.2202,243,200,135,135,0
136,250,0.4523,0.5945,0.0995,0.22,202,17,136,136,0
137,194,0.5695,0.7384,0.1253,0.2201,12,53,194,194,0
137,305,0.5695,0.504,0.111,0.2202,12,49,305,305,0
138,152,0.4467,0.5238,0.0983,0.22,312,305,138,138,0
139,222,0.7249,0.5198,0.1145,0.2202,181,21,139,139,0
139,238,0.7249,0.5014,0.1104,0.2201,181,269,238,238,0
139,260,0.7249,0.5441,0.1194,0.2195,181,62,139,139,0
139,312,0.7249,0.7787,0.1596,0.2202,181,257,312,312,0
140,178,0.5489,0.6657,0.057,0.1039,90,198,178,178,0
140,202,0.5489,0.9476,0.1208,0.2201,90,114,202,202,0
140,210,0.5489,0.9101,0.1209,0.2202,90,150,210,210,0
140,266,0.5489,0.5617,0.0081,0.0147,90,253,266,266,0
140,313,0.5489,0.4589,0.1011,0.2202,90,31,140,140,0
141,300,1.6176,0.5683,0.1251,0.2202,148,214,300,300,0
142,146,0.5834,0.6021,0.1284,0.2201,131,29,142,142,0
142,271,0.5834,0.4516,0.0994,0.2201,131,182,271,271,0
142,287,0.5834,0.5658,0.1245,0.22,131,263,287,287,0
143,193,0.9364,0.6538,0.1438,0.22,227,294,193,193,0
143,249,0.9364,0.4942,0.0781,0.1581,227,95,143,143,0
143,259,0.9364,0.4651,0.1024,0.2202,227,316,259,259,0
143,267,0.9364,0.4321,0.0059,0.0137,227,180,143,143,0
144,150,0.4856,0.4516,0.0994,0.2201,141,103,144,144,0
144,285,0.4856,0.4408,0.0971,0.2202,141,58,144,144,0
144,294,0.4856,0.5207,0.0793,0.1633,141,6,144,144,0
146,201,0.6021,0.8825,0.1326,0.2203,29,76,201,201,0
146,228,0.6021,0.5302,0.038,0.0717,29,55,228,228,0
146,253,0.6021,0.543,0.0585,0.1077,29,233,253,253,0
147,166,0.5965,0.5567,0.1225,0.22,225,266,166,166,0
148,159,0.4296,0.9137,0.0944,0.2198,80,2,148,148,0
151,208,0.6134,1.0439,0.135,0.22,44,313,208,208,0
151,222,0.6134,0.5198,0.1145,0.2202,44,21,151,151,0
152,301,0.5238,0.4847,0.1067,0.2201,305,27,152,152,0
153,169,0.5761,0.6978,0.1268,0.2201,296,292,153,153,0
153,220,0.5761,0.4435,0.0975,0.22,296,35,153,153,0
154,229,0.5376,0.4871,0.1071,0.2199,132,74,154,154,0
154,298,0.5376,0.5286,0.1164,0.2202,132,13,154,154,0
155,218,1.2208,0.654,0.1439,0.22,105,109,218,218,0
156,188,1.3953,0.4675,0.1029,0.2201,176,279,188,188,0
156,252,1.3953,0.6575,0.1447,0.2201,176,268,252,252,0
157,282,0.5601,0.4302,0.0947,0.22,298,289,157,157,0
158,180,0.6298,0.5803,0.1278,0.2202,0,281,180,180,0
158,272,0.6298,0.5092,0.0171,0.0336,0,128,272,272,0
159,177,0.9137,0.5561,0.1224,0.2201,2,157,177,177,0
159,190,0.9137,0.8345,0.1812,0.2171,2,276,190,190,0
159,284,0.9137,0.5836,0.1284,0.2201,2,120,284,284,0
161,244,0.5559,0.8368,0.1224,0.2202,306,91,161,161,0
162,206,0.8818,1.2976,0.1941,0.2201,41,79,206,206,0
162,299,0.8818,0.4586,0.1011,0.2204,41,135,299,299,0
163,265,0.5125,0.9051,0.103,0.201,144,152,265,265,0
163,309,0.5125,0.5216,0.1128,0.22,144,270,309,309,0
164,192,0.611,0.5033,0.1108,0.2202,57,222,192,192,0
164,310,0.611,0.5174,0.0934,0.1806,57,200,310,310,0
165,190,0.797,0.8345,0.1754,0.2201,277,276,165,165,0
165,235,0.797,0.9012,0.1197,0.1501,277,211,165,165,0
165,268,0.797,0.8126,0.1683,0.2112,277,16,165,165,0
165,284,0.797,0.5836,0.1285,0.2201,277,120,165,165,0
166,233,0.5567,0.6434,0.1224,0.2199,266,40,166,166,0
166,295,0.5567,0.5341,0.1174,0.2199,266,1,166,166,0
167,205,0.8813,0.5517,0.1214,0.2201,94,137,205,205,0
167,215,0.8813,0.4416,0.0694,0.1572,94,190,215,215,0
168,196,0.6363,0.8709,0.1293,0.2033,69,111,196,196,0
168,205,0.6363,0.5517,0.1214,0.2201,69,137,205,205,0
171,235,1.0245,0.9012,0.1982,0.22,286,211,171,171,0
171,293,1.0245,0.5507,0.0948,0.1721,286,248,171,171,0
172,315,1.0733,0.8602,0.1524,0.1772,82,183,315,315,0
173,211,0.5253,0.5598,0.1156,0.22,295,158,173,173,0
174,211,0.5315,0.5598,0.1169,0.2199,297,158,174,174,0
174,316,0.5315,0.5005,0.1103,0.2203,297,34,174,174,0
175,180,0.4468,0.5803,0.0945,0.2115,245,281,180,180,0
176,290,0.491,0.5972,0.0194,0.0394,139,50,176,176,0
177,214,0.5561,0.5141,0.1132,0.2203,157,88,177,177,0
177,254,0.5561,0.5326,0.1173,0.2203,157,9,177,177,0
177,304,0.5561,0.661,0.1225,0.2203,157,188,304,304,0
178,202,0.6657,0.9476,0.0013,0.002,198,114,178,178,0
178,275,0.6657,0.6999,0.0187,0.028,198,177,178,178,0
178,313,0.6657,0.4589,0.101,0.2201,198,31,178,178,0
179,269,0.4544,0.7454,0.0998,0.2197,247,61,179,179,0
180,272,0.5803,0.5092,0.0909,0.1786,281,128,180,180,0
182,255,0.5653,0.9296,0.1244,0.22,194,287,255,255,0
184,278,0.4203,0.4412,0.0926,0.2202,73,246,278,278,0
185,238,0.7714,0.5014,0.1104,0.2201,83,269,238,238,0
185,273,0.7714,0.5229,0.1151,0.2202,83,165,273,273,0
187,226,0.427,0.4501,0.094,0.2201,251,134,187,187,0
188,210,0.4675,0.9101,0.1028,0.2199,279,150,188,188,0
189,191,0.6199,0.8331,0.1329,0.2143,265,207,189,189,0
190,235,0.8345,0.9012,0.1309,0.1569,276,211,190,190,0
190,284,0.8345,0.5836,0.1284,0.2201,276,120,190,190,0
191,263,0.8331,0.6726,0.1479,0.2199,207,106,191,191,0
192,231,0.5033,0.4271,0.0941,0.2204,222,129,192,192,0
192,310,0.5033,0.5174,0.1107,0.22,222,200,192,192,0
193,249,0.6538,0.4942,0.1087,0.22,294,95,193,193,0
193,259,0.6538,0.4651,0.0523,0.1124,294,316,259,259,0
194,275,0.7384,0.6999,0.1539,0.2199,53,177,275,275,0
195,294,0.4665,0.5207,0.1028,0.2203,244,6,195,195,0
195,306,0.4665,0.4634,0.1021,0.2202,244,151,195,195,0
196,205,0.8709,0.5517,0.069,0.1251,111,137,205,205,0
196,215,0.8709,0.4416,0.0972,0.2202,111,190,215,215,0
196,257,0.8709,0.4793,0.1056,0.2203,111,254,257,257,0
198,213,0.7463,0.5382,0.118,0.2192,235,156,198,198,0
198,312,0.7463,0.7787,0.1642,0.2201,235,257,312,312,0
199,243,0.8268,0.7004,0.1542,0.2201,204,171,199,199,0
200,258,0.6124,0.6347,0.0822,0.1343,64,161,258,258,0
200,291,0.6124,0.4329,0.0953,0.2201,64,307,291,291,0
200,304,0.6124,0.661,0.1347,0.22,64,188,304,304,0
201,228,0.8825,0.5302,0.1168,0.2202,76,55,201,201,0
202,266,0.9476,0.5617,0.1039,0.185,114,253,266,266,0
202,275,0.9476,0.6999,0.154,0.22,114,177,275,275,0
202,283,0.9476,0.5399,0.1187,0.2199,114,223,283,283,0
203,307,0.4453,0.5714,0.0761,0.1709,154,147,203,203,0
204,227,0.4541,0.5711,0.1001,0.2204,70,280,227,227,0
204,237,0.4541,0.4833,0.0999,0.22,70,210,237,237,0
207,232,0.637,0.6406,0.1403,0.2202,260,288,232,232,0
207,255,0.637,0.9296,0.1401,0.22,260,287,255,255,0
209,213,0.8575,0.5382,0.1181,0.2194,84,156,213,213,0
210,313,0.9101,0.4589,0.1009,0.22,150,31,210,210,0
211,298,0.5598,0.5286,0.1163,0.2201,158,13,211,211,0
212,268,1.0697,0.8126,0.1789,0.2201,267,16,212,212,0
213,308,0.5382,0.5627,0.1177,0.2188,156,300,308,308,0
214,262,0.5141,0.6003,0.0536,0.1042,88,145,262,262,0
217,249,0.5244,0.4942,0.106,0.2145,121,95,217,217,0
217,286,0.5244,0.5658,0.0799,0.1523,121,172,286,286,0
219,246,0.6158,0.4666,0.1028,0.2203,173,205,246,246,0
219,308,0.6158,0.5627,0.1136,0.2018,173,300,308,308,0
220,276,0.4435,0.5308,0.0976,0.2201,35,162,276,276,0
221,267,0.5803,0.4321,0.095,0.2199,18,180,267,267,0
221,277,0.5803,0.7646,0.1278,0.2202,18,274,277,277,0
223,279,0.7268,0.5587,0.0187,0.0335,142,124,223,223,0
224,280,0.5992,0.494,0.1002,0.2029,38,301,280,280,0
224,306,0.5992,0.4634,0.0992,0.2142,38,151,306,306,0
228,253,0.5302,0.543,0.1167,0.2201,55,233,253,253,0
228,309,0.5302,0.5216,0.1148,0.22,55,270,309,309,0
231,293,0.4271,0.5507,0.0723,0.1692,129,248,293,293,0
232,255,0.6406,0.9296,0.1408,0.2198,288,287,232,232,0
232,310,0.6406,0.5174,0.1139,0.2201,288,200,232,232,0
233,274,0.6434,0.5035,0.1108,0.22,40,116,274,274,0
234,241,0.5617,0.6356,0.1237,0.2202,123,217,241,241,0
234,302,0.5617,0.5753,0.1237,0.2202,123,272,302,302,0
238,260,0.5014,0.5441,0.0611,0.1219,269,62,238,238,0
239,271,0.6194,0.4516,0.0994,0.2201,278,182,239,239,0
239,292,0.6194,0.5902,0.1299,0.2201,278,262,239,239,0
240,270,0.46,0.6096,0.1013,0.2202,197,72,240,240,0
241,256,0.6356,0.6144,0.0537,0.0873,217,232,256,256,0
244,288,0.8368,0.5222,0.1105,0.2116,91,299,288,288,0
244,315,0.8368,0.8602,0.0878,0.105,91,183,315,315,0
245,261,0.4312,0.4792,0.0948,0.2199,5,68,261,261,0
246,281,0.4666,0.4536,0.0852,0.1878,205,174,246,246,0
247,297,0.6297,0.4593,0.1011,0.22,3,186,297,297,0
248,285,0.5117,0.4408,0.0969,0.2199,191,58,248,248,0
249,286,0.4942,0.5658,0.1088,0.2201,95,172,286,286,0
251,296,0.757,0.4271,0.0591,0.1383,87,250,296,296,0
252,277,0.6575,0.7646,0.1447,0.2201,268,274,277,277,0
253,287,0.543,0.5658,0.1195,0.2201,233,263,287,287,0
254,304,0.5326,0.661,0.0173,0.0324,9,188,304,304,0
258,291,0.6347,0.4329,0.0953,0.2201,161,307,291,291,0
258,299,0.6347,0.4586,0.101,0.2201,161,135,258,258,0
268,284,0.8126,0.5836,0.1285,0.2202,16,120,284,284,0
280,289,0.494,0.4493,0.0989,0.2201,301,311,289,289,0
280,306,0.494,0.4634,0.102,0.2201,301,151,280,280,0
282,297,0.4302,0.4593,0.0947,0.2201,289,186,282,282,0
285,294,0.4408,0.5207,0.0971,0.2203,58,6,285,285,0
286,302,0.5658,0.5753,0.1246,0.2202,172,272,302,302,0
