frame,hat_x,hat_y,yaw_deg
2982,561.3,1202.41,1.142
2984,561.35,1202.34,1.142
2986,561.25,1202.19,1.142
2988,561.09,1202.13,1.142
2990,560.95,1202.22,1.142
2992,560.89,1202.37,1.142
2994,560.96,1202.43,1.142
2996,561.17,1202.33,1.142
2998,561.5,1202.17,1.142
3000,561.89,1202.13,1.142
3002,562.27,1202.24,1.142
3004,562.56,1202.38,1.142
3006,562.7,1202.4,1.142
3008,562.67,1202.28,1.142
3010,562.53,1202.15,1.142
3012,562.36,1202.15,1.142
3014,562.25,1202.29,1.142
3016,562.24,1202.42,1.142
3018,562.37,1202.4,1.142
3020,562.62,1202.25,1.142
3022,562.98,1202.14,1.142
3024,563.37,1202.17,1.142
3026,563.72,1202.31,1.142
3028,563.94,1202.41,1.142
3030,563.99,1202.36,1.142
3032,563.89,1202.21,1.142
3034,563.72,1202.13,1.142
3036,563.56,1202.2,1.142
3038,563.47,1202.36,1.142
3040,563.51,1202.43,1.142
3042,563.69,1202.34,1.142
3044,563.98,1202.19,1.142
3046,564.35,1202.13,1.142
3048,564.72,1202.22,1.142
3050,565.01,1202.37,1.142
3052,565.14,1202.4,1.142
3054,565.11,1202.29,1.142
3056,564.96,1202.16,1.142
3058,564.76,1202.14,1.142
3060,564.61,1202.27,1.142
3062,564.57,1202.41,1.142
3064,564.65,1202.41,1.142
3066,564.86,1202.27,1.142
3068,565.18,1202.14,1.142
3070,565.55,1202.15,1.142
3072,565.87,1202.29,1.142
3074,566.08,1202.4,1.142
3076,566.12,1202.37,1.142
3078,566.01,1202.23,1.142
3080,565.81,1202.13,1.142
3082,565.61,1202.19,1.142
3084,565.48,1202.34,1.142
3086,565.47,1202.43,1.142
3088,565.59,1202.36,1.142
3090,565.83,1202.21,1.142
3092,566.16,1202.13,1.142
3094,566.5,1202.21,1.142
3096,566.76,1202.35,1.142
3098,566.88,1202.41,1.142
3100,566.83,1202.31,1.142
3102,566.64,1202.17,1.142
3104,566.41,1202.14,1.142
3106,566.21,1202.25,1.142
3108,566.1,1202.4,1.142
3110,566.13,1202.42,1.142
3112,566.29,1202.29,1.142
3114,566.55,1202.15,1.142
3116,566.87,1202.14,1.142
3118,567.16,1202.27,1.142
3120,567.34,1202.4,1.142
3122,567.36,1202.38,1.142
3124,567.22,1202.25,1.142
3126,566.97,1202.13,1.142
3128,566.72,1202.17,1.142
3130,566.53,1202.32,1.142
3132,566.46,1202.43,1.142
3134,566.52,1202.38,1.142
3136,566.7,1202.22,1.142
3138,566.97,1202.13,1.142
3140,567.27,1202.19,1.142
3142,567.5,1202.34,1.142
3144,567.58,1202.41,1.142
3146,567.5,1202.33,1.142
3148,567.28,1202.18,1.142
3150,566.99,1202.13,1.142
3152,566.74,1202.23,1.142
3154,566.57,1202.38,1.142
3156,566.53,1202.43,1.142
3158,566.62,1202.31,1.142
3160,566.82,1202.17,1.142
3162,567.09,1202.14,1.142
3164,567.34,1202.25,1.142
3166,567.49,1202.39,1.142
3168,567.47,1202.39,1.142
3170,567.29,1202.26,1.142
3172,567.01,1202.14,1.142
3174,566.7,1202.16,1.142
3176,566.45,1202.3,1.142
3178,566.31,1202.42,1.142
3180,566.31,1202.39,1.142
3182,566.42,1202.24,1.142
3184,566.64,1202.13,1.142
3186,566.88,1202.18,1.142
3188,567.07,1202.32,1.142
3190,567.13,1202.41,1.142
3192,567.01,1202.35,1.142
3194,566.75,1202.2,1.142
3196,566.42,1202.13,1.142
3198,566.11,1202.21,1.142
3200,565.88,1202.37,1.142
3202,565.77,1202.43,1.142
3204,565.8,1202.33,1.142
3206,565.95,1202.18,1.142
3208,566.16,1202.13,1.142
3210,566.37,1202.24,1.142
3212,566.48,1202.38,1.142
3214,566.44,1202.4,1.142
3216,566.23,1202.28,1.142
3218,565.91,1202.15,1.142
3220,565.55,1202.15,1.142
3222,565.25,1202.28,1.142
3224,565.05,1202.42,1.142
3226,564.98,1202.4,1.142
3228,565.04,1202.26,1.142
3230,565.21,1202.14,1.142
3232,565.41,1202.16,1.142
3234,565.57,1202.3,1.142
3236,565.6,1202.41,1.142
3238,565.46,1202.36,1.142
3240,565.17,1202.21,1.142
3242,564.81,1202.13,1.142
3244,564.45,1202.2,1.142
3246,564.16,1202.35,1.142
3248,564.0,1202.43,1.142
3250,563.98,1202.35,1.142
3252,564.07,1202.19,1.142
3254,564.25,1202.13,1.142
3256,564.42,1202.22,1.142
3258,564.52,1202.36,1.142
3260,564.46,1202.4,1.142
3262,564.23,1202.3,1.142
3264,563.89,1202.16,1.142
3266,563.5,1202.14,1.142
3268,563.15,1202.27,1.142
3270,562.91,1202.41,1.142
3272,562.79,1202.41,1.142
3274,562.81,1202.28,1.142
3276,562.94,1202.15,1.142
3278,563.11,1202.15,1.142
3280,563.25,1202.29,1.142
3282,563.27,1202.4,1.142
3284,563.13,1202.37,1.142
3286,562.83,1202.23,1.142
3288,562.44,1202.13,1.142
3290,562.06,1202.18,1.142
3292,561.74,1202.34,1.142
3294,561.54,1202.43,1.142
3296,561.48,1202.36,1.142
3298,561.55,1202.21,1.142
3300,561.7,1202.13,1.142
3302,561.86,1202.2,1.142
3304,561.95,1202.35,1.142
3306,561.89,1202.41,1.142
3308,561.67,1202.31,1.142
3310,561.32,1202.17,1.142
3312,560.92,1202.13,1.142
3314,560.55,1202.25,1.142
