frame,scene,hero,x,y,yaw_deg
0,1,A,540.00,1672.97,0.114
2,1,A,540.00,1672.97,0.114
4,1,A,540.00,1672.97,0.113
6,1,A,540.00,1672.97,0.111
8,1,A,540.00,1672.97,0.108
10,1,A,540.00,1672.97,0.103
12,1,A,540.00,1672.97,0.098
14,1,A,540.00,1672.97,0.091
16,1,A,540.00,1672.97,0.084
18,1,A,540.00,1672.97,0.076
20,1,A,540.00,1672.97,0.067
22,1,A,540.00,1672.97,0.057
24,1,A,540.00,1672.97,0.047
26,1,A,540.00,1672.97,0.037
28,1,A,540.00,1672.97,0.026
30,1,A,540.00,1672.97,0.014
32,1,A,540.00,1672.97,0.003
34,1,A,540.00,1672.97,-0.009
36,1,A,540.00,1672.97,-0.020
38,1,A,540.00,1672.97,-0.031
40,1,A,540.00,1672.97,-0.042
42,1,A,540.00,1672.97,-0.052
44,1,A,540.00,1672.97,-0.062
46,1,A,540.00,1672.97,-0.072
48,1,A,540.00,1672.97,-0.080
50,1,A,540.00,1672.97,-0.088
52,1,A,540.00,1672.97,-0.095
54,1,A,540.00,1672.97,-0.101
56,1,A,540.00,1672.97,-0.106
58,1,A,540.00,1672.97,-0.110
60,1,A,540.00,1672.97,-0.112
62,1,A,540.00,1672.97,-0.114
64,1,A,540.00,1672.97,-0.115
66,1,A,540.00,1672.97,-0.114
68,1,A,540.00,1672.97,-0.112
70,1,A,540.00,1672.97,-0.109
72,1,A,540.00,1672.97,-0.105
74,1,A,540.00,1672.97,-0.100
76,1,A,540.00,1672.97,-0.094
78,1,A,540.00,1672.97,-0.087
80,1,A,540.00,1672.97,-0.079
82,1,A,540.00,1672.97,-0.071
84,1,A,540.00,1672.97,-0.061
86,1,A,540.00,1672.97,-0.052
88,1,A,540.00,1672.97,-0.041
90,1,A,540.00,1672.97,-0.030
92,1,A,540.00,1672.97,-0.019
94,1,A,540.00,1672.97,-0.008
96,1,A,540.00,1672.97,0.004
98,1,A,540.00,1672.97,0.015
100,1,A,540.00,1672.97,0.027
102,1,A,540.00,1672.97,0.038
104,1,A,540.00,1672.97,0.048
106,1,A,540.00,1672.97,0.058
108,1,A,540.00,1672.97,0.068
110,1,A,540.00,1672.97,0.077
112,1,A,540.00,1672.97,0.085
114,1,A,540.00,1672.97,0.092
116,1,A,540.00,1672.97,0.098
118,1,A,540.00,1672.97,0.104
120,1,A,540.00,1672.97,0.108
122,1,A,540.00,1672.97,0.111
124,1,A,540.00,1672.97,0.114
126,1,A,540.00,1672.97,0.115
128,1,A,540.00,1672.97,0.114
130,1,A,540.00,1672.97,0.113
132,1,A,540.00,1672.97,0.111
134,1,A,540.00,1672.97,0.107
136,1,A,540.00,1672.97,0.103
138,1,A,540.00,1672.97,0.097
140,1,A,540.00,1672.97,0.090
142,1,A,540.00,1672.97,0.083
144,1,A,540.00,1672.97,0.075
146,1,A,540.00,1672.97,0.065
148,1,A,540.00,1672.97,0.056
150,1,A,540.00,1672.97,0.045
152,1,A,540.00,1672.97,0.035
154,1,A,540.00,1672.97,0.024
156,1,A,540.00,1672.97,0.012
158,1,A,540.00,1672.97,0.001
160,1,A,540.00,1672.97,-0.011
162,1,A,540.00,1672.97,-0.022
164,1,A,540.00,1672.97,-0.033
166,1,A,540.00,1672.97,-0.044
168,1,A,540.00,1672.97,-0.054
170,1,A,540.00,1672.97,-0.064
172,1,A,540.00,1672.97,-0.073
174,1,A,540.00,1672.97,-0.082
176,1,A,540.00,1672.97,-0.089
178,1,A,540.00,1672.97,-0.096
180,1,A,540.00,1672.97,-0.102
182,1,A,540.00,1672.97,-0.106
184,1,A,540.00,1672.97,-0.110
186,1,A,540.00,1672.97,-0.113
188,1,A,540.00,1672.97,-0.114
190,1,A,540.00,1672.97,-0.115
192,1,A,540.00,1672.97,-0.114
194,1,A,540.00,1672.97,-0.112
196,1,A,540.00,1672.97,-0.109
198,1,A,540.00,1672.97,-0.105
200,1,A,540.00,1672.97,-0.099
202,1,A,540.00,1672.97,-0.093
204,1,A,540.00,1672.97,-0.086
206,1,A,540.00,1672.97,-0.078
208,1,A,540.00,1672.97,-0.069
210,1,A,540.00,1672.97,-0.060
212,1,A,540.00,1672.97,-0.050
214,1,A,540.00,1672.97,-0.039
216,1,A,540.00,1672.97,-0.028
218,1,A,540.00,1672.97,-0.017
220,1,A,540.00,1672.97,-0.006
222,1,A,540.00,1672.97,0.006
224,1,A,540.00,1672.97,0.017
226,1,A,540.00,1672.97,0.028
228,1,A,540.00,1672.97,0.039
230,1,A,540.00,1672.97,0.050
232,1,A,540.00,1672.97,0.060
234,1,A,540.00,1672.97,0.069
236,1,A,540.00,1672.97,0.078
238,1,A,540.00,1672.97,0.086
240,1,A,540.00,1672.97,0.093
242,1,A,540.00,1672.97,0.099
244,1,A,540.00,1672.97,0.105
246,1,A,540.00,1672.97,0.109
248,1,A,540.00,1672.97,0.112
250,1,A,540.00,1672.97,0.114
252,1,A,540.00,1672.97,0.115
254,1,A,540.00,1672.97,0.114
256,1,A,540.00,1672.97,0.113
258,1,A,540.00,1672.97,0.110
260,1,A,540.00,1672.97,0.106
262,1,A,540.00,1672.97,0.102
264,1,A,540.00,1672.97,0.096
266,1,A,540.00,1672.97,0.089
268,1,A,540.00,1672.97,0.081
270,1,A,540.00,1672.97,0.073
272,1,A,540.00,1672.97,0.064
274,1,A,540.00,1672.97,0.054
276,1,A,540.00,1672.97,0.044
278,1,A,540.00,1672.97,0.033
280,1,A,540.00,1672.97,0.022
282,1,A,540.00,1672.97,0.010
284,1,A,540.00,1672.97,-0.001
286,1,A,540.00,1672.97,-0.012
288,1,A,540.00,1672.97,-0.024
290,1,A,540.00,1672.97,-0.035
292,1,A,540.00,1672.97,-0.046
294,2,A,539.70,1701.70,0.112
296,2,A,539.70,1701.70,0.112
298,2,A,539.80,1701.70,0.102
300,2,A,539.80,1701.70,0.093
302,2,A,539.90,1701.70,0.084
304,2,A,540.00,1701.70,0.065
306,2,A,540.10,1701.70,0.047
308,2,A,540.10,1701.70,0.028
310,2,A,540.20,1701.70,0.019
312,2,A,540.30,1701.70,0.009
314,2,A,540.30,1701.70,0.000
316,2,A,540.30,1701.70,0.000
318,2,A,540.30,1701.70,0.000
320,2,A,540.20,1701.70,0.000
322,2,A,540.20,1701.70,0.000
324,2,A,540.10,1701.70,0.000
326,2,A,540.00,1701.70,-0.000
328,2,A,539.90,1701.70,-0.000
330,2,A,539.80,1701.70,0.009
332,2,A,539.80,1701.70,0.009
334,2,A,539.70,1701.70,0.000
336,2,A,539.70,1701.70,0.000
338,2,A,539.70,1701.70,0.000
340,2,A,539.70,1701.70,0.000
342,2,A,539.80,1701.70,0.000
344,2,A,539.80,1701.70,0.000
346,2,A,539.90,1701.70,0.000
348,2,A,540.00,1701.70,0.000
350,2,A,540.10,1701.70,0.000
352,2,A,540.20,1701.70,0.000
354,2,A,540.20,1701.70,0.000
356,2,A,540.30,1701.70,0.000
358,2,A,540.30,1701.70,0.000
360,2,A,540.30,1701.70,0.000
362,2,A,540.30,1701.70,0.000
364,2,A,540.20,1701.70,0.000
366,2,A,540.20,1701.70,0.000
368,2,A,540.10,1701.70,0.000
370,2,A,540.00,1701.70,-0.000
372,2,A,539.90,1701.70,-0.000
374,2,A,539.80,1701.70,0.000
376,2,A,539.80,1701.70,0.000
378,2,A,539.70,1701.70,0.000
380,2,A,539.70,1701.70,0.000
382,2,A,539.70,1701.70,0.000
384,2,A,539.70,1701.70,0.000
386,2,A,539.80,1701.70,0.000
388,2,A,539.80,1701.70,-0.009
390,2,A,539.90,1701.70,-0.009
392,2,A,540.00,1701.70,0.000
394,2,A,540.10,1701.70,0.000
396,2,A,540.20,1701.70,0.000
398,2,A,540.20,1701.70,0.000
400,2,A,540.30,1701.70,0.000
402,2,A,540.30,1701.70,0.000
404,2,A,540.30,1701.70,0.000
406,2,A,540.30,1701.70,0.000
408,2,A,540.20,1701.70,0.000
410,2,A,540.10,1701.70,0.009
412,2,A,540.10,1701.70,0.009
414,2,A,540.00,1701.70,-0.000
416,2,A,539.90,1701.70,0.000
418,2,A,539.80,1701.70,0.000
420,2,A,539.80,1701.70,0.000
422,2,A,539.70,1701.70,0.000
424,2,A,539.70,1701.70,0.000
426,2,A,539.70,1701.70,0.000
428,2,A,539.70,1701.70,-0.000
430,2,A,539.80,1701.70,-0.000
432,2,A,539.90,1701.70,0.000
434,2,A,539.90,1701.70,0.000
436,2,A,540.00,1701.70,0.000
438,2,A,540.10,1701.70,0.000
440,2,A,540.20,1701.70,0.000
442,2,A,540.20,1701.70,-0.009
444,2,A,540.30,1701.70,-0.009
446,2,A,540.30,1701.70,0.000
448,2,A,540.30,1701.70,0.000
450,2,A,540.30,1701.70,0.000
452,2,A,540.20,1701.70,0.000
454,2,A,540.10,1701.70,0.000
456,2,A,540.10,1701.70,0.009
458,2,A,540.00,1701.70,0.009
460,2,A,539.90,1701.70,0.000
462,2,A,539.80,1701.70,0.000
464,2,A,539.70,1701.70,0.009
466,2,A,539.70,1701.70,0.009
468,2,A,539.70,1701.70,0.000
470,2,A,539.70,1701.70,0.000
472,2,A,539.70,1701.70,-0.000
474,2,A,539.80,1701.70,-0.000
476,2,A,539.90,1701.70,0.000
478,2,A,540.00,1701.70,-0.009
480,2,A,540.00,1701.70,-0.019
482,2,A,540.10,1701.70,-0.009
484,2,A,540.20,1701.70,0.000
486,2,A,540.30,1701.70,0.000
488,2,A,540.30,1701.70,0.000
490,2,A,540.30,1701.70,0.000
492,2,A,540.30,1701.70,0.000
494,2,A,540.30,1701.70,0.009
496,2,A,540.20,1701.70,0.009
498,2,A,540.10,1701.70,0.000
500,2,A,540.00,1701.70,-0.000
502,2,A,539.90,1701.70,0.009
504,2,A,539.90,1701.70,0.009
506,2,A,539.80,1701.70,0.000
508,2,A,539.70,1701.70,0.000
510,2,A,539.70,1701.70,0.000
512,2,A,539.70,1701.70,0.000
514,2,A,539.70,1701.70,0.000
516,2,A,539.80,1701.70,-0.009
518,2,A,539.80,1701.70,-0.009
520,2,A,539.90,1701.70,0.000
522,2,A,540.00,1701.70,0.000
524,2,A,540.10,1701.70,0.000
526,2,A,540.10,1701.70,0.000
528,2,A,540.20,1701.70,0.000
530,2,A,540.30,1701.70,0.000
532,2,A,540.30,1701.70,0.000
534,2,A,540.30,1701.70,0.000
536,2,A,540.30,1701.70,0.000
538,2,A,540.20,1701.70,0.000
540,2,A,540.20,1701.70,0.000
542,2,A,540.10,1701.70,0.000
544,2,A,540.00,1701.70,-0.000
546,2,A,539.90,1701.70,-0.000
548,2,A,539.90,1701.70,0.009
550,2,A,539.80,1701.70,0.009
552,2,A,539.70,1701.70,0.000
554,2,A,539.70,1701.70,0.000
556,2,A,539.70,1701.70,0.000
558,2,A,539.70,1701.70,0.000
560,2,A,539.80,1701.70,0.000
562,2,A,539.80,1701.70,0.000
564,2,A,539.90,1701.70,0.000
566,2,A,540.00,1701.70,0.000
568,2,A,540.10,1701.70,0.000
570,2,A,540.20,1701.70,-0.009
572,2,A,540.20,1701.70,-0.009
574,2,A,540.30,1701.70,0.000
576,2,A,540.30,1701.70,0.000
578,2,A,540.30,1701.70,0.000
580,2,A,540.30,1701.70,0.000
582,2,A,540.20,1701.70,0.000
584,2,A,540.20,1701.70,0.000
586,2,A,540.10,1701.70,-0.009
588,2,A,540.00,1701.70,-0.028
590,2,A,539.90,1701.70,-0.047
592,2,A,539.80,1701.70,-0.065
594,2,A,539.80,1701.70,-0.074
596,2,A,539.70,1701.70,-0.084
598,2,A,539.70,1701.70,-0.093
600,2,A,539.70,1701.70,-0.093
602,2,A,539.70,1701.70,-0.093
604,2,A,539.80,1701.70,-0.084
606,2,A,539.80,1701.70,-0.074
608,3,A,540.06,1342.36,0.000
610,3,A,540.05,1342.30,0.000
612,3,A,540.05,1342.25,0.000
614,3,A,540.04,1342.20,0.000
616,3,A,540.04,1342.17,0.000
618,3,A,540.03,1342.16,0.000
620,3,A,540.03,1342.15,0.000
622,3,A,540.03,1342.16,0.000
624,3,A,540.02,1342.19,0.000
626,3,A,540.01,1342.23,0.000
628,3,A,540.01,1342.27,0.000
630,3,A,540.00,1342.33,0.000
632,3,A,539.99,1342.38,0.000
634,3,A,539.98,1342.44,0.000
636,3,A,539.96,1342.50,0.000
638,3,A,539.95,1342.56,0.000
640,3,A,539.94,1342.62,0.000
642,3,A,539.93,1342.66,0.000
644,3,A,539.92,1342.70,0.000
646,3,A,539.91,1342.73,0.000
648,3,A,539.90,1342.75,0.000
650,3,A,539.90,1342.76,0.000
652,3,A,539.90,1342.76,0.000
654,3,A,539.91,1342.74,0.000
656,3,A,539.91,1342.71,0.000
658,3,A,539.92,1342.67,0.000
660,3,A,539.93,1342.62,0.000
662,3,A,539.94,1342.56,0.000
664,3,A,539.95,1342.50,0.000
666,3,A,539.96,1342.43,0.000
668,3,A,539.96,1342.36,0.000
670,3,A,539.97,1342.30,0.000
672,3,A,539.98,1342.25,0.000
674,3,A,539.99,1342.20,0.000
676,3,A,539.99,1342.17,0.000
678,3,A,540.00,1342.16,0.000
680,3,A,540.01,1342.15,0.000
682,3,A,540.01,1342.16,0.000
684,3,A,540.02,1342.19,0.000
686,3,A,540.03,1342.23,0.000
688,3,A,540.04,1342.27,0.000
690,3,A,540.05,1342.33,0.000
692,3,A,540.06,1342.38,0.000
694,3,A,540.07,1342.44,0.000
696,3,A,540.08,1342.50,0.000
698,3,A,540.09,1342.56,0.000
700,3,A,540.10,1342.62,0.000
702,3,A,540.10,1342.66,0.000
704,3,A,540.10,1342.70,0.000
706,3,A,540.10,1342.73,0.000
708,3,A,540.10,1342.75,0.000
710,3,A,540.09,1342.76,0.000
712,3,A,540.08,1342.76,0.000
714,3,A,540.07,1342.74,0.000
716,3,A,540.06,1342.71,0.000
718,3,A,540.04,1342.67,0.000
720,3,A,540.03,1342.62,0.000
722,3,A,540.02,1342.56,0.000
724,3,A,540.01,1342.50,0.000
726,3,A,540.00,1342.43,0.000
728,3,A,539.99,1342.36,0.000
730,3,A,539.99,1342.30,0.000
732,3,A,539.98,1342.25,0.000
734,3,A,539.98,1342.20,0.000
736,3,A,539.97,1342.17,0.000
738,3,A,539.97,1342.16,0.000
740,3,A,539.96,1342.15,0.000
742,3,A,539.95,1342.16,0.000
744,3,A,539.95,1342.19,0.000
746,3,A,539.94,1342.23,0.000
748,3,A,539.93,1342.27,0.000
750,3,A,539.93,1342.33,0.000
752,3,A,539.92,1342.38,0.000
754,3,A,539.92,1342.44,0.000
756,3,A,539.91,1342.50,0.000
758,3,A,539.91,1342.56,0.000
760,3,A,539.92,1342.62,0.000
762,3,A,539.92,1342.66,0.000
764,3,A,539.93,1342.70,0.000
766,3,A,539.94,1342.73,0.000
768,3,A,539.95,1342.75,0.000
770,3,A,539.97,1342.76,0.000
772,3,A,539.98,1342.76,0.000
774,3,A,539.99,1342.74,0.000
776,3,A,540.01,1342.71,0.000
778,3,A,540.02,1342.67,0.000
780,3,A,540.03,1342.62,0.000
782,3,A,540.03,1342.56,0.000
784,3,A,540.04,1342.50,0.000
786,3,A,540.04,1342.43,0.000
788,3,A,540.04,1342.36,0.000
790,3,A,540.05,1342.30,0.000
792,3,A,540.05,1342.25,0.000
794,3,A,540.05,1342.20,0.000
796,3,A,540.05,1342.17,0.000
798,3,A,540.05,1342.16,0.000
800,3,A,540.05,1342.15,0.000
802,3,A,540.05,1342.16,0.000
804,3,A,540.06,1342.19,0.000
806,3,A,540.06,1342.23,0.000
808,3,A,540.06,1342.27,0.000
810,3,A,540.06,1342.33,0.000
812,3,A,540.05,1342.38,0.000
814,3,A,540.05,1342.44,0.000
816,3,A,540.04,1342.50,0.000
818,3,A,540.03,1342.56,0.000
820,3,A,540.02,1342.62,0.000
822,3,A,540.01,1342.66,0.000
824,3,A,540.00,1342.70,0.000
826,3,A,539.98,1342.73,0.000
828,3,A,539.97,1342.75,0.000
830,3,A,539.96,1342.76,0.000
832,3,A,539.95,1342.76,0.000
834,3,A,539.94,1342.74,0.000
836,3,A,539.93,1342.71,0.000
838,3,A,539.93,1342.67,0.000
840,3,A,539.93,1342.62,0.000
842,3,A,539.93,1342.56,0.000
844,3,A,539.93,1342.50,0.000
846,3,A,539.94,1342.43,0.000
848,3,A,539.94,1342.36,0.000
850,3,A,539.95,1342.30,0.000
852,3,A,539.95,1342.25,0.000
854,3,A,539.95,1342.20,0.000
856,3,A,539.96,1342.17,0.000
858,3,A,539.96,1342.16,0.000
860,3,A,539.96,1342.15,0.000
862,3,A,539.97,1342.16,0.000
864,3,A,539.97,1342.19,0.000
866,3,A,539.98,1342.23,0.000
868,3,A,539.98,1342.27,0.000
870,3,A,539.99,1342.33,0.000
872,3,A,540.00,1342.38,0.000
874,3,A,540.01,1342.44,0.000
876,3,A,540.02,1342.50,0.000
878,3,A,540.04,1342.56,0.000
880,3,A,540.05,1342.62,0.000
882,3,A,540.06,1342.66,0.000
884,3,A,540.07,1342.70,0.000
886,3,A,540.08,1342.73,0.000
888,3,A,540.09,1342.75,0.000
890,3,A,540.09,1342.76,0.000
892,3,A,540.09,1342.76,0.000
894,3,A,540.09,1342.74,0.000
896,3,A,540.09,1342.71,0.000
898,3,A,540.08,1342.67,0.000
900,3,A,540.08,1342.62,0.000
902,3,A,540.07,1342.56,0.000
904,3,A,540.06,1342.50,0.000
906,3,A,540.05,1342.43,0.000
908,3,A,540.04,1342.36,0.000
910,3,A,540.03,1342.30,0.000
912,3,A,540.03,1342.25,0.000
914,3,A,540.02,1342.20,0.000
916,3,A,540.01,1342.17,0.000
918,3,A,540.01,1342.16,0.000
920,3,A,540.00,1342.15,0.000
922,3,A,539.99,1342.16,0.000
924,3,A,539.99,1342.19,0.000
926,3,A,539.98,1342.23,0.000
928,3,A,539.97,1342.27,0.000
930,3,A,539.96,1342.33,0.000
932,3,A,539.95,1342.38,0.000
934,3,A,539.93,1342.44,0.000
936,3,A,539.92,1342.50,0.000
938,3,A,539.91,1342.56,0.000
940,3,A,539.91,1342.62,0.000
942,3,A,539.90,1342.66,0.000
944,3,A,539.90,1342.70,0.000
946,3,A,539.90,1342.73,0.000
948,3,A,539.90,1342.75,0.000
950,3,A,539.90,1342.76,0.000
952,3,A,539.91,1342.76,0.000
954,4,A,530.50,1194.80,-2.583
956,4,A,525.90,1195.10,-2.783
958,4,A,521.90,1195.50,-3.320
960,4,A,519.60,1195.60,-4.162
962,4,A,519.20,1195.60,-5.217
964,4,A,519.50,1195.80,-6.207
966,4,A,520.20,1196.00,-7.163
968,4,A,521.20,1196.10,-8.221
970,4,A,522.00,1196.00,-9.452
972,4,A,522.40,1195.80,-10.928
974,4,A,522.10,1195.40,-11.712
976,4,A,520.80,1195.10,-11.623
978,4,A,518.60,1194.90,-11.461
980,4,A,515.30,1195.00,-11.313
982,4,A,511.70,1195.20,-10.987
984,4,A,508.80,1195.10,-10.303
986,4,A,505.40,1195.10,-9.273
988,4,A,501.80,1195.20,-7.874
990,4,A,497.20,1195.70,-6.131
992,4,A,491.90,1196.20,-4.147
994,4,A,487.30,1196.20,-2.122
996,4,A,483.90,1195.80,-0.046
998,4,A,482.10,1194.80,2.214
1000,4,A,482.20,1193.70,4.667
1002,4,A,484.20,1192.80,7.163
1004,4,A,487.80,1192.20,9.512
1006,4,A,492.80,1192.20,11.667
1008,4,A,498.90,1192.70,13.703
1010,4,A,505.50,1193.50,15.703
1012,4,A,512.00,1194.30,17.442
1014,4,A,517.10,1194.50,18.693
1016,4,A,522.00,1194.80,19.394
1018,4,A,526.30,1195.10,19.517
1020,4,A,531.10,1195.60,19.051
1022,4,A,536.20,1196.20,18.111
1024,4,A,540.40,1196.50,16.978
1026,4,A,543.70,1196.60,15.589
1028,4,A,546.10,1196.60,13.804
1030,4,A,547.70,1196.50,11.579
1032,4,A,548.50,1196.50,8.988
1034,4,A,548.70,1196.40,6.207
1036,4,A,548.40,1196.30,3.274
1038,4,A,547.90,1196.10,0.138
1040,4,A,547.10,1196.00,-3.258
1042,4,A,546.70,1195.90,-6.587
1044,4,A,547.60,1195.90,-9.572
1046,4,A,548.00,1195.80,-12.139
1048,4,A,547.90,1195.60,-14.210
1050,4,A,545.90,1195.50,-15.760
1052,4,A,542.10,1195.90,-16.866
1054,4,A,537.50,1196.30,-17.763
1056,4,A,532.10,1196.70,-18.389
1058,4,A,526.20,1197.10,-18.527
1060,4,A,519.90,1197.20,-18.139
1062,4,A,513.70,1197.10,-17.358
1064,4,A,507.60,1196.80,-16.272
1066,4,A,502.10,1196.30,-14.887
1068,4,A,497.40,1195.90,-13.106
1070,4,A,493.70,1195.60,-10.824
1072,4,A,490.60,1195.60,-8.326
1074,4,A,487.20,1195.90,-5.842
1076,4,A,485.30,1195.90,-3.473
1078,4,A,484.90,1195.60,-1.338
1080,4,A,486.90,1195.50,0.477
1082,4,A,491.00,1195.90,2.061
1084,4,A,495.90,1196.50,3.641
1086,4,A,501.00,1197.00,5.110
1088,4,A,506.10,1197.30,6.268
1090,4,A,510.70,1197.30,7.072
1092,4,A,514.40,1197.10,7.677
1094,4,A,517.10,1196.80,8.205
1096,4,A,518.60,1196.40,8.627
1098,4,A,518.80,1196.10,8.852
1100,4,A,517.90,1195.90,8.762
1102,4,A,516.80,1195.90,8.552
1104,4,A,516.60,1195.90,8.446
1106,4,A,516.20,1195.90,8.477
1108,4,A,515.80,1195.90,8.657
1110,4,A,514.70,1195.70,9.033
1112,4,A,513.30,1195.10,9.497
1114,4,A,512.90,1194.20,9.766
1116,4,A,513.80,1193.20,9.886
1118,4,A,516.00,1192.40,10.005
1120,4,A,519.30,1192.00,10.080
1122,4,A,523.60,1192.10,10.005
1124,4,A,528.60,1192.60,9.662
1126,4,A,534.00,1193.50,9.063
1128,4,A,539.50,1194.60,8.371
1130,4,A,544.80,1195.50,7.662
1132,4,A,549.00,1195.90,6.723
1134,4,A,550.80,1195.90,5.354
1136,4,A,551.50,1195.70,3.519
1138,4,A,550.90,1195.40,1.308
1140,4,A,550.00,1194.80,-1.215
1142,4,A,549.10,1193.90,-3.887
1144,4,A,547.10,1193.00,-6.359
1146,4,A,544.30,1192.40,-8.642
1148,4,A,541.00,1192.20,-10.898
1150,4,A,537.10,1192.40,-13.106
1152,4,A,533.00,1192.80,-15.088
1154,4,A,528.60,1193.40,-16.696
1156,4,A,524.10,1194.10,-17.916
1158,4,A,519.70,1194.70,-18.817
1160,4,A,515.30,1195.20,-19.504
1162,4,A,511.60,1195.60,-19.777
1164,4,A,509.50,1195.50,-19.476
1166,4,A,507.40,1195.50,-18.610
1168,4,A,505.20,1195.40,-17.119
1170,4,A,501.90,1195.60,-15.017
1172,4,A,497.50,1196.10,-12.433
1174,4,A,493.10,1196.60,-9.617
1176,4,A,488.90,1196.80,-6.617
1178,4,A,485.10,1196.90,-3.350
1180,4,A,482.10,1196.60,0.092
1182,4,A,480.20,1196.00,3.473
1184,4,A,479.50,1195.30,6.647
1186,4,A,480.40,1194.60,9.617
1188,4,A,483.00,1194.10,12.433
1190,4,A,487.20,1193.90,15.117
1192,4,A,492.30,1193.90,17.414
1194,4,A,497.30,1193.50,19.092
1196,4,A,503.30,1193.20,20.103
1198,4,A,509.90,1193.10,20.468
1200,4,A,517.60,1193.80,20.225
1202,4,A,526.10,1195.10,19.476
1204,4,A,534.20,1196.20,18.444
1206,4,A,541.50,1197.00,17.091
1208,4,A,547.70,1197.10,15.289
1210,4,A,552.30,1196.80,13.047
1212,4,A,555.10,1196.10,10.527
1214,4,A,555.80,1195.30,7.934
1216,4,A,554.50,1194.80,5.369
1218,4,A,551.70,1194.60,2.829
1220,4,A,547.80,1194.90,0.277
1222,4,A,543.60,1195.30,-2.107
1224,4,A,540.50,1195.40,-4.147
1226,4,A,537.40,1195.50,-5.811
1228,4,A,534.60,1195.70,-7.102
1230,4,A,531.20,1195.90,-8.025
1232,4,A,527.60,1196.00,-8.657
1234,4,A,524.90,1195.90,-9.213
1236,4,A,523.30,1195.70,-9.692
1238,4,A,522.60,1195.70,-9.976
1240,4,A,522.90,1195.80,-10.020
1242,4,A,523.70,1196.00,-9.946
1244,4,A,525.00,1196.30,-9.901
1246,4,A,526.30,1196.50,-9.841
1248,4,A,527.30,1196.30,-9.662
1250,4,A,527.60,1195.60,-9.288
1252,4,A,526.60,1194.90,-8.898
1254,4,A,523.30,1194.60,-8.672
1256,4,A,519.30,1194.40,-8.582
1258,4,A,514.70,1194.40,-8.612
1260,4,A,510.90,1194.10,-8.732
1262,4,A,507.90,1193.70,-8.792
1264,4,A,505.00,1193.70,-8.552
1266,4,A,502.40,1194.10,-8.009
1268,4,A,500.00,1194.80,-7.329
1270,4,A,497.90,1195.60,-6.541
1272,4,A,496.30,1196.30,-5.537
1274,4,A,495.10,1196.60,-4.254
1276,4,A,494.60,1196.60,-2.721
1278,4,A,494.50,1196.20,-1.108
1280,4,A,494.90,1195.70,0.431
1282,4,A,496.20,1195.30,2.076
1284,4,A,499.10,1195.30,3.933
1286,4,A,502.10,1195.40,5.979
1288,4,A,504.90,1195.40,8.175
1290,4,A,506.60,1195.30,10.437
1292,4,A,507.20,1194.90,12.594
1294,4,A,507.70,1194.50,13.688
1296,4,A,508.60,1194.10,13.775
1298,4,A,509.80,1193.70,13.732
1300,4,A,511.80,1193.20,13.485
1302,4,A,514.60,1192.90,12.872
1304,4,A,518.40,1192.70,12.006
1306,4,A,523.00,1192.90,11.150
1308,4,A,528.40,1193.30,10.482
1310,4,A,534.40,1194.10,10.140
1312,4,A,540.20,1194.80,10.050
1314,5,A,560.90,1175.12,0.000
1316,5,A,560.17,1175.10,0.000
1318,5,A,559.48,1175.05,0.000
1320,5,A,558.89,1174.97,0.000
1322,5,A,558.47,1174.89,0.000
1324,5,A,558.24,1174.85,0.000
1326,5,A,558.23,1174.85,0.000
1328,5,A,558.45,1174.89,0.000
1330,5,A,558.87,1174.97,0.000
1332,5,A,559.45,1175.05,0.000
1334,5,A,560.13,1175.11,0.000
1336,5,A,560.87,1175.12,0.000
1338,5,A,561.58,1175.10,0.000
1340,5,A,562.21,1175.03,0.000
1342,5,A,562.70,1174.96,0.000
1344,5,A,563.02,1174.91,0.000
1346,5,A,563.12,1174.89,0.000
1348,5,A,563.01,1174.92,0.000
1350,5,A,562.70,1174.99,0.000
1352,5,A,562.21,1175.08,0.000
1354,5,A,561.58,1175.15,0.000
1356,5,A,560.86,1175.19,0.000
1358,5,A,560.13,1175.19,0.000
1360,5,A,559.44,1175.14,0.000
1362,5,A,558.87,1175.07,0.000
1364,5,A,558.46,1175.01,0.000
1366,5,A,558.24,1174.98,0.000
1368,5,A,558.25,1174.99,0.000
1370,5,A,558.48,1175.04,0.000
1372,5,A,558.91,1175.12,0.000
1374,5,A,559.50,1175.20,0.000
1376,5,A,560.19,1175.26,0.000
1378,5,A,560.93,1175.28,0.000
1380,5,A,561.64,1175.25,0.000
1382,5,A,562.26,1175.19,0.000
1384,5,A,562.75,1175.12,0.000
1386,5,A,563.05,1175.06,0.000
1388,5,A,563.14,1175.05,0.000
1390,5,A,563.02,1175.08,0.000
1392,5,A,562.69,1175.15,0.000
1394,5,A,562.19,1175.23,0.000
1396,5,A,561.55,1175.30,0.000
1398,5,A,560.83,1175.34,0.000
1400,5,A,560.10,1175.33,0.000
1402,5,A,559.42,1175.28,0.000
1404,5,A,558.85,1175.21,0.000
1406,5,A,558.45,1175.14,0.000
1408,5,A,558.25,1175.11,0.000
1410,5,A,558.27,1175.12,0.000
1412,5,A,558.52,1175.17,0.000
1414,5,A,558.96,1175.25,0.000
1416,5,A,559.55,1175.33,0.000
1418,5,A,560.25,1175.38,0.000
1420,5,A,560.99,1175.40,0.000
1422,5,A,561.69,1175.36,0.000
1424,5,A,562.31,1175.29,0.000
1426,5,A,562.78,1175.22,0.000
1428,5,A,563.07,1175.16,0.000
1430,5,A,563.15,1175.15,0.000
1432,5,A,563.01,1175.18,0.000
1434,5,A,562.67,1175.24,0.000
1436,5,A,562.16,1175.33,0.000
1438,5,A,561.51,1175.40,0.000
1440,5,A,560.79,1175.43,0.000
1442,5,A,560.06,1175.42,0.000
1444,5,A,559.38,1175.36,0.000
1446,5,A,558.83,1175.28,0.000
1448,5,A,558.44,1175.22,0.000
1450,5,A,558.25,1175.18,0.000
1452,5,A,558.29,1175.19,0.000
1454,5,A,558.54,1175.24,0.000
1456,5,A,559.00,1175.32,0.000
1458,5,A,559.60,1175.40,0.000
1460,5,A,560.30,1175.45,0.000
1462,5,A,561.04,1175.45,0.000
1464,5,A,561.74,1175.42,0.000
1466,5,A,562.35,1175.35,0.000
1468,5,A,562.81,1175.28,0.000
1470,5,A,563.09,1175.23,0.000
1472,5,A,563.15,1175.22,0.000
1474,5,A,563.00,1175.26,0.000
1476,5,A,562.65,1175.34,0.000
1478,5,A,562.13,1175.42,0.000
1480,5,A,561.48,1175.49,0.000
1482,5,A,560.76,1175.52,0.000
1484,5,A,560.03,1175.51,0.000
1486,5,A,559.35,1175.46,0.000
1488,5,A,558.81,1175.39,0.000
1490,5,A,558.43,1175.34,0.000
1492,5,A,558.26,1175.31,0.000
1494,5,A,558.31,1175.33,0.000
1496,5,A,558.58,1175.39,0.000
1498,5,A,559.04,1175.46,0.000
1500,5,A,559.65,1175.54,0.000
1502,5,A,560.36,1175.58,0.000
1504,5,A,561.10,1175.57,0.000
1506,5,A,561.80,1175.53,0.000
1508,5,A,562.40,1175.46,0.000
1510,5,A,562.85,1175.39,0.000
1512,5,A,563.11,1175.34,0.000
1514,5,A,563.16,1175.33,0.000
1516,5,A,563.00,1175.38,0.000
1518,5,A,562.64,1175.45,0.000
1520,5,A,562.10,1175.54,0.000
1522,5,A,561.45,1175.61,0.000
1524,5,A,560.72,1175.64,0.000
1526,5,A,559.99,1175.63,0.000
1528,5,A,559.33,1175.58,0.000
1530,5,A,558.79,1175.52,0.000
1532,5,A,558.42,1175.47,0.000
1534,5,A,558.27,1175.46,0.000
1536,5,A,558.33,1175.49,0.000
1538,5,A,558.62,1175.56,0.000
1540,5,A,559.09,1175.65,0.000
1542,5,A,559.72,1175.74,0.000
1544,5,A,560.43,1175.80,0.000
1546,5,A,561.17,1175.82,0.000
1548,5,A,561.86,1175.79,0.000
1550,5,A,562.46,1175.74,0.000
1552,5,A,562.90,1175.68,0.000
1554,5,A,563.15,1175.65,0.000
1556,5,A,563.19,1175.66,0.000
1558,5,A,563.02,1175.71,0.000
1560,5,A,562.64,1175.80,0.000
1562,5,A,562.10,1175.89,0.000
1564,5,A,561.44,1175.97,0.000
1566,5,A,560.71,1176.00,0.000
1568,5,A,559.98,1175.98,0.000
1570,5,A,559.32,1175.92,0.000
1572,5,A,558.79,1175.85,0.000
1574,5,A,558.43,1175.80,0.000
1576,5,A,558.29,1175.78,0.000
1578,5,A,558.37,1175.80,0.000
1580,5,A,558.67,1175.87,0.000
1582,5,A,559.15,1175.95,0.000
1584,5,A,559.78,1176.02,0.000
1586,5,A,560.50,1176.05,0.000
1588,5,A,561.23,1176.04,0.000
1590,5,A,561.93,1175.98,0.000
1592,5,A,562.51,1175.89,0.000
1594,5,A,562.94,1175.80,0.000
1596,5,A,563.17,1175.74,0.000
1598,5,A,563.19,1175.71,0.000
1600,5,A,563.00,1175.73,0.000
1602,5,A,562.61,1175.78,0.000
1604,5,A,562.06,1175.84,0.000
1606,5,A,561.38,1175.87,0.000
1608,5,A,560.65,1175.86,0.000
1610,5,A,559.92,1175.81,0.000
1612,5,A,559.26,1175.72,0.000
1614,5,A,558.74,1175.62,0.000
1616,5,A,558.40,1175.54,0.000
1618,5,A,558.27,1175.50,0.000
1620,5,A,558.36,1175.50,0.000
1622,5,A,558.66,1175.54,0.000
1624,5,A,559.16,1175.60,0.000
1626,5,A,559.79,1175.65,0.000
1628,5,A,560.51,1175.67,0.000
1630,5,A,561.24,1175.64,0.000
1632,5,A,561.92,1175.58,0.000
1634,5,A,562.50,1175.48,0.000
1636,5,A,562.91,1175.39,0.000
1638,5,A,563.14,1175.33,0.000
1640,5,A,563.15,1175.31,0.000
1642,5,A,562.94,1175.34,0.000
1644,5,A,562.54,1175.40,0.000
1646,5,A,561.98,1175.46,0.000
1648,5,A,561.30,1175.51,0.000
1650,5,A,560.57,1175.51,0.000
1652,5,A,559.85,1175.47,0.000
1654,5,A,559.20,1175.39,0.000
1656,5,A,558.69,1175.30,0.000
1658,5,A,558.36,1175.22,0.000
1660,5,A,558.24,1175.19,0.000
1662,5,A,558.35,1175.20,0.000
1664,5,A,558.67,1175.26,0.000
1666,5,A,559.17,1175.33,0.000
1668,5,A,559.81,1175.40,0.000
1670,5,A,560.53,1175.43,0.000
1672,5,A,561.26,1175.42,0.000
1674,6,A,555.39,1328.54,0.000
1676,6,A,555.39,1328.52,0.000
1678,6,A,555.39,1328.51,0.000
1680,6,A,555.38,1328.50,0.000
1682,6,A,555.38,1328.50,0.000
1684,6,A,555.37,1328.51,0.000
1686,6,A,555.36,1328.51,0.000
1688,6,A,555.35,1328.53,0.000
1690,6,A,555.34,1328.55,0.000
1692,6,A,555.33,1328.56,0.000
1694,6,A,555.31,1328.58,0.000
1696,6,A,555.30,1328.60,0.000
1698,6,A,555.29,1328.62,0.000
1700,6,A,555.27,1328.63,0.000
1702,6,A,555.26,1328.64,0.000
1704,6,A,555.26,1328.65,0.000
1706,6,A,555.26,1328.65,0.000
1708,6,A,555.26,1328.65,0.000
1710,6,A,555.27,1328.65,0.000
1712,6,A,555.30,1328.65,0.000
1714,6,A,555.33,1328.64,0.000
1716,6,A,555.37,1328.63,0.000
1718,6,A,555.41,1328.62,0.000
1720,6,A,555.46,1328.60,0.000
1722,6,A,555.50,1328.59,0.000
1724,6,A,555.54,1328.57,0.000
1726,6,A,555.58,1328.55,0.000
1728,6,A,555.60,1328.53,0.000
1730,6,A,555.61,1328.52,0.000
1732,6,A,555.60,1328.51,0.000
1734,6,A,555.59,1328.50,0.000
1736,6,A,555.56,1328.50,0.000
1738,6,A,555.52,1328.51,0.000
1740,6,A,555.48,1328.52,0.000
1742,6,A,555.43,1328.54,0.000
1744,6,A,555.38,1328.55,0.000
1746,6,A,555.34,1328.57,0.000
1748,6,A,555.30,1328.59,0.000
1750,6,A,555.26,1328.61,0.000
1752,6,A,555.23,1328.62,0.000
1754,6,A,555.20,1328.63,0.000
1756,6,A,555.18,1328.64,0.000
1758,6,A,555.17,1328.65,0.000
1760,6,A,555.17,1328.65,0.000
1762,6,A,555.17,1328.65,0.000
1764,6,A,555.18,1328.65,0.000
1766,6,A,555.21,1328.65,0.000
1768,6,A,555.23,1328.64,0.000
1770,6,A,555.27,1328.63,0.000
1772,6,A,555.32,1328.61,0.000
1774,6,A,555.37,1328.60,0.000
1776,6,A,555.43,1328.58,0.000
1778,6,A,555.48,1328.56,0.000
1780,6,A,555.54,1328.54,0.000
1782,6,A,555.59,1328.52,0.000
1784,6,A,555.63,1328.51,0.000
1786,6,A,555.66,1328.50,0.000
1788,6,A,555.68,1328.50,0.000
1790,6,A,555.68,1328.51,0.000
1792,6,A,555.66,1328.51,0.000
1794,6,A,555.63,1328.53,0.000
1796,6,A,555.59,1328.55,0.000
1798,6,A,555.54,1328.56,0.000
1800,6,A,555.49,1328.58,0.000
1802,6,A,555.43,1328.60,0.000
1804,6,A,555.37,1328.62,0.000
1806,6,A,555.32,1328.63,0.000
1808,6,A,555.28,1328.64,0.000
1810,6,A,555.25,1328.65,0.000
1812,6,A,555.22,1328.65,0.000
1814,6,A,555.20,1328.65,0.000
1816,6,A,555.20,1328.65,0.000
1818,6,A,555.20,1328.65,0.000
1820,6,A,555.20,1328.64,0.000
1822,6,A,555.21,1328.63,0.000
1824,6,A,555.23,1328.62,0.000
1826,6,A,555.25,1328.60,0.000
1828,6,A,555.27,1328.59,0.000
1830,6,A,555.30,1328.57,0.000
1832,6,A,555.33,1328.55,0.000
1834,6,A,555.36,1328.53,0.000
1836,6,A,555.40,1328.52,0.000
1838,6,A,555.43,1328.51,0.000
1840,6,A,555.46,1328.50,0.000
1842,6,A,555.48,1328.50,0.000
1844,6,A,555.50,1328.51,0.000
1846,6,A,555.51,1328.52,0.000
1848,6,A,555.51,1328.54,0.000
1850,6,A,555.50,1328.55,0.000
1852,6,A,555.49,1328.57,0.000
1854,6,A,555.46,1328.59,0.000
1856,6,A,555.43,1328.61,0.000
1858,6,A,555.40,1328.62,0.000
1860,6,A,555.36,1328.63,0.000
1862,6,A,555.34,1328.64,0.000
1864,6,A,555.31,1328.65,0.000
1866,6,A,555.30,1328.65,0.000
1868,6,A,555.29,1328.65,0.000
1870,6,A,555.30,1328.65,0.000
1872,6,A,555.31,1328.65,0.000
1874,6,A,555.32,1328.64,0.000
1876,6,A,555.34,1328.63,0.000
1878,6,A,555.36,1328.61,0.000
1880,6,A,555.38,1328.60,0.000
1882,6,A,555.39,1328.58,0.000
1884,6,A,555.40,1328.56,0.000
1886,6,A,555.40,1328.54,0.000
1888,6,A,555.40,1328.52,0.000
1890,6,A,555.40,1328.51,0.000
1892,6,A,555.39,1328.50,0.000
1894,6,A,555.38,1328.50,0.000
1896,6,A,555.37,1328.51,0.000
1898,6,A,555.36,1328.51,0.000
1900,6,A,555.34,1328.53,0.000
1902,6,A,555.33,1328.55,0.000
1904,6,A,555.32,1328.56,0.000
1906,6,A,555.31,1328.58,0.000
1908,6,A,555.29,1328.60,0.000
1910,6,A,555.28,1328.62,0.000
1912,6,A,555.27,1328.63,0.000
1914,6,A,555.26,1328.64,0.000
1916,6,A,555.25,1328.65,0.000
1918,6,A,555.25,1328.65,0.000
1920,6,A,555.26,1328.65,0.000
1922,6,A,555.27,1328.65,0.000
1924,6,A,555.29,1328.65,0.000
1926,6,A,555.33,1328.64,0.000
1928,6,A,555.36,1328.63,0.000
1930,6,A,555.41,1328.62,0.000
1932,6,A,555.46,1328.60,0.000
1934,6,A,555.50,1328.59,0.000
1936,6,A,555.55,1328.57,0.000
1938,6,A,555.58,1328.55,0.000
1940,6,A,555.60,1328.53,0.000
1942,6,A,555.62,1328.52,0.000
1944,6,A,555.62,1328.51,0.000
1946,6,A,555.60,1328.50,0.000
1948,6,A,555.57,1328.50,0.000
1950,6,A,555.54,1328.51,0.000
1952,6,A,555.49,1328.52,0.000
1954,6,A,555.45,1328.54,0.000
1956,6,A,555.40,1328.55,0.000
1958,6,A,555.35,1328.57,0.000
1960,6,A,555.30,1328.59,0.000
1962,6,A,555.26,1328.61,0.000
1964,6,A,555.23,1328.62,0.000
1966,6,A,555.20,1328.63,0.000
1968,6,A,555.18,1328.64,0.000
1970,6,A,555.17,1328.65,0.000
1972,6,A,555.17,1328.65,0.000
1974,6,A,555.17,1328.65,0.000
1976,6,A,555.18,1328.65,0.000
1978,6,A,555.20,1328.65,0.000
1980,6,A,555.23,1328.64,0.000
1982,6,A,555.27,1328.63,0.000
1984,6,A,555.31,1328.61,0.000
1986,6,A,555.36,1328.60,0.000
1988,6,A,555.42,1328.58,0.000
1990,6,A,555.47,1328.56,0.000
1992,6,A,555.53,1328.54,0.000
1994,6,A,555.58,1328.52,0.000
1996,6,A,555.62,1328.51,0.000
1998,6,A,555.65,1328.50,0.000
2000,6,A,555.67,1328.50,0.000
2002,6,A,555.67,1328.51,0.000
2004,6,A,555.66,1328.51,0.000
2006,6,A,555.63,1328.53,0.000
2008,6,A,555.59,1328.55,0.000
2010,6,A,555.55,1328.56,0.000
2012,6,A,555.49,1328.58,0.000
2014,6,A,555.44,1328.60,0.000
2016,6,A,555.38,1328.62,0.000
2018,6,A,555.33,1328.63,0.000
2020,6,A,555.29,1328.64,0.000
2022,6,A,555.25,1328.65,0.000
2024,6,A,555.23,1328.65,0.000
2026,6,A,555.21,1328.65,0.000
2028,6,A,555.20,1328.65,0.000
2030,6,A,555.20,1328.65,0.000
2032,6,A,555.21,1328.64,0.000
2034,6,A,555.22,1328.63,0.000
2036,6,A,555.23,1328.62,0.000
2038,6,A,555.25,1328.60,0.000
2040,6,A,555.27,1328.59,0.000
2042,6,A,555.30,1328.57,0.000
2044,6,A,555.33,1328.55,0.000
2046,6,A,555.36,1328.53,0.000
2048,6,A,555.39,1328.52,0.000
2050,6,A,555.42,1328.51,0.000
2052,6,A,555.45,1328.50,0.000
2054,6,A,555.47,1328.50,0.000
2056,6,A,555.49,1328.51,0.000
2058,6,A,555.50,1328.52,0.000
2060,6,A,555.50,1328.54,0.000
2062,6,A,555.49,1328.55,0.000
2064,6,A,555.48,1328.57,0.000
2066,6,A,555.45,1328.59,0.000
2068,6,A,555.42,1328.61,0.000
2070,6,A,555.39,1328.62,0.000
2072,6,A,555.36,1328.63,0.000
2074,6,A,555.33,1328.64,0.000
2076,6,A,555.31,1328.65,0.000
2078,7,A,540.00,1167.77,1.479
2080,7,A,540.00,1169.99,1.494
2082,7,A,540.00,1172.36,1.500
2084,7,A,540.00,1174.85,1.498
2086,7,A,540.00,1177.43,1.487
2088,7,A,540.00,1180.05,1.469
2090,7,A,540.00,1182.70,1.443
2092,7,A,540.00,1185.32,1.408
2094,7,A,540.00,1187.90,1.367
2096,7,A,540.00,1190.39,1.317
2098,7,A,540.00,1192.76,1.261
2100,7,A,540.00,1194.98,1.197
2102,7,A,540.00,1197.03,1.127
2104,7,A,540.00,1198.87,1.051
2106,7,A,540.00,1200.48,0.969
2108,7,A,540.00,1201.84,0.882
2110,7,A,540.00,1202.94,0.790
2112,7,A,540.00,1203.75,0.693
2114,7,A,540.00,1204.27,0.593
2116,7,A,540.00,1204.50,0.490
2118,7,A,540.00,1204.42,0.384
2120,7,A,540.00,1204.05,0.276
2122,7,A,540.00,1203.38,0.166
2124,7,A,540.00,1202.42,0.055
2126,7,A,540.00,1201.19,-0.055
2128,7,A,540.00,1199.70,-0.166
2130,7,A,540.00,1197.98,-0.276
2132,7,A,540.00,1196.03,-0.384
2134,7,A,540.00,1193.89,-0.490
2136,7,A,540.00,1191.59,-0.593
2138,7,A,540.00,1189.16,-0.693
2140,7,A,540.00,1186.62,-0.790
2142,7,A,540.00,1184.02,-0.882
2144,7,A,540.00,1181.37,-0.969
2146,7,A,540.00,1178.73,-1.051
2148,7,A,540.00,1176.13,-1.127
2150,7,A,540.00,1173.59,-1.197
2152,7,A,540.00,1171.16,-1.261
2154,7,A,540.00,1168.86,-1.317
2156,7,A,540.00,1166.72,-1.367
2158,7,A,540.00,1164.77,-1.408
2160,7,A,540.00,1163.05,-1.443
2162,7,A,540.00,1161.56,-1.469
2164,7,A,540.00,1160.33,-1.487
2166,7,A,540.00,1159.37,-1.498
2168,7,A,540.00,1158.70,-1.500
2170,7,A,540.00,1158.33,-1.494
2172,7,A,540.00,1158.25,-1.479
2174,7,A,540.00,1158.48,-1.457
2176,7,A,540.00,1159.00,-1.427
2178,7,A,540.00,1159.81,-1.388
2180,7,A,540.00,1160.91,-1.343
2182,7,A,540.00,1162.27,-1.290
2184,7,A,540.00,1163.88,-1.230
2186,7,A,540.00,1165.72,-1.163
2188,7,A,540.00,1167.77,-1.090
2190,7,A,540.00,1169.99,-1.011
2192,7,A,540.00,1172.36,-0.926
2194,7,A,540.00,1174.85,-0.836
2196,7,A,540.00,1177.43,-0.742
2198,7,A,540.00,1180.05,-0.644
2200,7,A,540.00,1182.70,-0.542
2202,7,A,540.00,1185.32,-0.437
2204,7,A,540.00,1187.90,-0.330
2206,7,A,540.00,1190.39,-0.221
2208,7,A,540.00,1192.76,-0.111
2210,7,A,540.00,1194.98,-0.000
2212,7,A,540.00,1197.03,0.111
2214,7,A,540.00,1198.87,0.221
2216,7,A,540.00,1200.48,0.330
2218,7,A,540.00,1201.84,0.437
2220,7,A,540.00,1202.94,0.542
2222,7,A,540.00,1203.75,0.644
2224,7,A,540.00,1204.27,0.742
2226,7,A,540.00,1204.50,0.836
2228,7,A,540.00,1204.42,0.926
2230,7,A,540.00,1204.05,1.011
2232,7,A,540.00,1203.38,1.090
2234,7,A,540.00,1202.42,1.163
2236,7,A,540.00,1201.19,1.230
2238,7,A,540.00,1199.70,1.290
2240,7,A,540.00,1197.98,1.343
2242,7,A,540.00,1196.03,1.388
2244,7,A,540.00,1193.89,1.427
2246,7,A,540.00,1191.59,1.457
2248,7,A,540.00,1189.16,1.479
2250,7,A,540.00,1186.62,1.494
2252,7,A,540.00,1184.02,1.500
2254,7,A,540.00,1181.37,1.498
2256,7,A,540.00,1178.73,1.487
2258,7,A,540.00,1176.13,1.469
2260,7,A,540.00,1173.59,1.443
2262,7,A,540.00,1171.16,1.408
2264,7,A,540.00,1168.86,1.367
2266,7,A,540.00,1166.72,1.317
2268,7,A,540.00,1164.77,1.261
2270,7,A,540.00,1163.05,1.197
2272,7,A,540.00,1161.56,1.127
2274,7,A,540.00,1160.33,1.051
2276,7,A,540.00,1159.37,0.969
2278,7,A,540.00,1158.70,0.882
2280,7,A,540.00,1158.33,0.790
2282,7,A,540.00,1158.25,0.693
2284,7,A,540.00,1158.48,0.593
2286,7,A,540.00,1159.00,0.490
2288,7,A,540.00,1159.81,0.384
2290,7,A,540.00,1160.91,0.276
2292,7,A,540.00,1162.27,0.166
2294,7,A,540.00,1163.88,0.055
2296,7,A,540.00,1165.72,-0.055
2298,7,A,540.00,1167.77,-0.166
2300,7,A,540.00,1169.99,-0.276
2302,7,A,540.00,1172.36,-0.384
2304,7,A,540.00,1174.85,-0.490
2306,7,A,540.00,1177.43,-0.593
2308,7,A,540.00,1180.05,-0.693
2310,7,A,540.00,1182.70,-0.790
2312,7,A,540.00,1185.32,-0.882
2314,7,A,540.00,1187.90,-0.969
2316,7,A,540.00,1190.39,-1.051
2318,7,A,540.00,1192.76,-1.127
2320,7,A,540.00,1194.98,-1.197
2322,7,A,540.00,1197.03,-1.261
2324,7,A,540.00,1198.87,-1.317
2326,7,A,540.00,1200.48,-1.367
2328,7,A,540.00,1201.84,-1.408
2330,7,A,540.00,1202.94,-1.443
2332,7,A,540.00,1203.75,-1.469
2334,7,A,540.00,1204.27,-1.487
2336,7,A,540.00,1204.50,-1.498
2338,7,A,540.00,1204.42,-1.500
2340,7,A,540.00,1204.05,-1.494
2342,7,A,540.00,1203.38,-1.479
2344,7,A,540.00,1202.42,-1.457
2346,7,A,540.00,1201.19,-1.427
2348,7,A,540.00,1199.70,-1.388
2350,7,A,540.00,1197.98,-1.343
2352,7,A,540.00,1196.03,-1.290
2354,7,A,540.00,1193.89,-1.230
2356,7,A,540.00,1191.59,-1.163
2358,7,A,540.00,1189.16,-1.090
2360,7,A,540.00,1186.62,-1.011
2362,7,A,540.00,1184.02,-0.926
2364,7,A,540.00,1181.37,-0.836
2366,7,A,540.00,1178.73,-0.742
2368,7,A,540.00,1176.13,-0.644
2370,7,A,540.00,1173.59,-0.542
2372,7,A,540.00,1171.16,-0.437
2374,7,A,540.00,1168.86,-0.330
2376,7,A,540.00,1166.72,-0.221
2378,7,A,540.00,1164.77,-0.111
2380,7,A,540.00,1163.05,-0.000
2382,7,A,540.00,1161.56,0.111
2384,7,A,540.00,1160.33,0.221
2386,7,A,540.00,1159.37,0.330
2388,7,A,540.00,1158.70,0.437
2390,7,A,540.00,1158.33,0.542
2392,7,A,540.00,1158.25,0.644
2394,7,A,540.00,1158.48,0.742
2396,7,A,540.00,1159.00,0.836
2398,7,A,540.00,1159.81,0.926
2400,7,A,540.00,1160.91,1.011
2402,7,A,540.00,1162.27,1.090
2404,7,A,540.00,1163.88,1.163
2406,7,A,540.00,1165.72,1.230
2408,7,A,540.00,1167.77,1.290
2410,7,A,540.00,1169.99,1.343
2412,7,A,540.00,1172.36,1.388
2414,7,A,540.00,1174.85,1.427
2416,7,A,540.00,1177.43,1.457
2418,7,A,540.00,1180.05,1.479
2420,7,A,540.00,1182.70,1.494
2422,7,A,540.00,1185.32,1.500
2424,7,A,540.00,1187.90,1.498
2426,7,A,540.00,1190.39,1.487
2428,7,A,540.00,1192.76,1.469
2430,7,A,540.00,1194.98,1.443
2432,7,A,540.00,1197.03,1.408
2434,7,A,540.00,1198.87,1.367
2436,7,A,540.00,1200.48,1.317
2438,7,A,540.00,1201.84,1.261
2440,7,A,540.00,1202.94,1.197
2442,7,A,540.00,1203.75,1.127
2444,7,A,540.00,1204.27,1.051
2446,7,A,540.00,1204.50,0.969
2448,7,A,540.00,1204.42,0.882
2450,7,A,540.00,1204.05,0.790
2452,7,A,540.00,1203.38,0.693
2454,7,A,540.00,1202.42,0.593
2456,7,A,540.00,1201.19,0.490
2458,7,A,540.00,1199.70,0.384
2460,7,A,540.00,1197.98,0.276
2462,7,A,540.00,1196.03,0.166
2464,7,A,540.00,1193.89,0.055
2466,7,A,540.00,1191.59,-0.055
2468,7,A,540.00,1189.16,-0.166
2470,7,A,540.00,1186.62,-0.276
2472,7,A,540.00,1184.02,-0.384
2474,7,A,540.00,1181.37,-0.490
2476,7,A,540.00,1178.73,-0.593
2478,7,A,540.00,1176.13,-0.693
2480,7,A,540.00,1173.59,-0.790
2482,7,A,540.00,1171.16,-0.882
2484,7,A,540.00,1168.86,-0.969
2486,7,A,540.00,1166.72,-1.051
2488,7,A,540.00,1164.77,-1.127
2490,7,A,540.00,1163.05,-1.197
2492,8,A,539.15,1198.22,-0.803
2494,8,A,539.16,1198.23,-0.937
2496,8,A,539.18,1198.24,-1.058
2498,8,A,539.22,1198.25,-1.165
2500,8,A,539.27,1198.26,-1.257
2502,8,A,539.32,1198.27,-1.332
2504,8,A,539.38,1198.28,-1.389
2506,8,A,539.46,1198.29,-1.428
2508,8,A,539.54,1198.30,-1.448
2510,8,A,539.62,1198.31,-1.449
2512,8,A,539.71,1198.32,-1.431
2514,8,A,539.81,1198.32,-1.393
2516,8,A,539.90,1198.33,-1.338
2518,8,A,540.00,1198.34,-1.264
2520,8,A,540.10,1198.34,-1.174
2522,8,A,540.20,1198.35,-1.068
2524,8,A,540.29,1198.36,-0.948
2526,8,A,540.38,1198.37,-0.816
2528,8,A,540.47,1198.37,-0.672
2530,8,A,540.55,1198.38,-0.520
2532,8,A,540.62,1198.39,-0.361
2534,8,A,540.68,1198.40,-0.197
2536,8,A,540.74,1198.40,-0.030
2538,8,A,540.78,1198.41,0.137
2540,8,A,540.82,1198.41,0.302
2542,8,A,540.84,1198.42,0.463
2544,8,A,540.85,1198.42,0.618
2546,8,A,540.85,1198.42,0.765
2548,8,A,540.84,1198.42,0.901
2550,8,A,540.82,1198.43,1.026
2552,8,A,540.79,1198.43,1.137
2554,8,A,540.75,1198.43,1.233
2556,8,A,540.70,1198.43,1.313
2558,8,A,540.63,1198.43,1.375
2560,8,A,540.56,1198.44,1.419
2562,8,A,540.49,1198.44,1.444
2564,8,A,540.40,1198.44,1.451
2566,8,A,540.31,1198.44,1.437
2568,8,A,540.22,1198.45,1.405
2570,8,A,540.12,1198.45,1.355
2572,8,A,540.02,1198.45,1.286
2574,8,A,539.93,1198.45,1.200
2576,8,A,539.83,1198.46,1.098
2578,8,A,539.73,1198.46,0.982
2580,8,A,539.64,1198.46,0.853
2582,8,A,539.55,1198.47,0.712
2584,8,A,539.47,1198.47,0.562
2586,8,A,539.40,1198.47,0.405
2588,8,A,539.33,1198.48,0.242
2590,8,A,539.28,1198.48,0.076
2592,8,A,539.23,1198.48,-0.091
2594,8,A,539.19,1198.49,-0.257
2596,8,A,539.16,1198.49,-0.419
2598,8,A,539.15,1198.49,-0.576
2600,8,A,539.14,1198.50,-0.726
2602,8,A,539.15,1198.50,-0.865
2604,8,A,539.17,1198.50,-0.993
2606,8,A,539.20,1198.50,-1.108
2608,8,A,539.24,1198.50,-1.209
2610,8,A,539.29,1198.50,-1.293
2612,8,A,539.35,1198.50,-1.360
2614,8,A,539.42,1198.50,-1.409
2616,8,A,539.49,1198.50,-1.439
2618,8,A,539.57,1198.49,-1.451
2620,8,A,539.66,1198.49,-1.443
2622,8,A,539.76,1198.48,-1.416
2624,8,A,539.85,1198.47,-1.370
2626,8,A,539.95,1198.46,-1.306
2628,8,A,540.05,1198.46,-1.225
2630,8,A,540.15,1198.45,-1.128
2632,8,A,540.24,1198.44,-1.015
2634,8,A,540.33,1198.43,-0.889
2636,8,A,540.42,1198.42,-0.752
2638,8,A,540.50,1198.41,-0.604
2640,8,A,540.58,1198.40,-0.448
2642,8,A,540.65,1198.40,-0.287
2644,8,A,540.71,1198.39,-0.121
2646,9,A,536.20,1221.05,0.000
2648,9,A,536.20,1221.05,0.000
2650,9,A,536.20,1221.05,0.000
2652,9,A,536.20,1221.05,0.000
2654,9,A,536.20,1221.05,0.000
2656,9,A,536.20,1221.05,0.000
2658,9,A,536.20,1221.05,0.000
2660,9,A,536.20,1221.05,0.000
2662,9,A,536.20,1221.05,0.000
2664,9,A,536.20,1221.05,0.000
2666,9,A,536.20,1221.05,0.000
2668,9,A,536.20,1221.05,0.000
2670,9,A,536.20,1221.05,0.000
2672,9,A,536.20,1221.05,0.000
2674,9,A,536.20,1221.05,0.000
2676,9,A,536.20,1221.05,0.000
2678,9,A,536.20,1221.05,0.000
2680,9,A,536.20,1221.05,0.000
2682,9,A,536.20,1221.05,0.000
2684,9,A,536.20,1221.05,0.000
2686,9,A,536.20,1221.05,0.000
2688,9,A,536.20,1221.05,0.000
2690,9,A,536.20,1221.05,0.000
2692,9,A,536.20,1221.05,0.000
2694,9,A,536.20,1221.05,0.000
2696,9,A,536.20,1221.05,0.000
2698,9,A,536.20,1221.05,0.000
2700,9,A,536.20,1221.05,0.000
2702,9,A,536.20,1221.05,0.000
2704,9,A,536.20,1221.05,0.000
2706,9,A,536.20,1221.05,0.000
2708,9,A,536.20,1221.05,0.000
2710,9,A,536.20,1221.05,0.000
2712,9,A,536.20,1221.05,0.000
2714,9,A,536.20,1221.05,0.000
2716,9,A,536.20,1221.05,0.000
2718,9,A,536.20,1221.05,0.000
2720,9,A,536.20,1221.05,0.000
2722,9,A,536.20,1221.05,0.000
2724,9,A,536.20,1221.05,0.000
2726,9,A,536.20,1221.05,0.000
2728,9,A,536.20,1221.05,0.000
2730,9,A,536.20,1221.05,0.000
2732,9,A,536.20,1221.05,0.000
2734,9,A,536.20,1221.05,0.000
2736,9,A,536.20,1221.05,0.000
2738,9,A,536.20,1221.05,0.000
2740,9,A,536.20,1221.05,0.000
2742,9,A,536.20,1221.05,0.000
2744,9,A,536.20,1221.05,0.000
2746,9,A,536.20,1221.05,0.000
2748,9,A,536.20,1221.05,0.000
2750,9,A,536.20,1221.05,0.000
2752,9,A,536.20,1221.05,0.000
2754,9,A,536.20,1221.05,0.000
2756,9,A,536.20,1221.05,0.000
2758,9,A,536.20,1221.05,0.000
2760,9,A,536.20,1221.05,0.000
2762,9,A,536.20,1221.05,0.000
2764,9,A,536.20,1221.05,0.000
2766,9,A,536.20,1221.05,0.000
2768,9,A,536.20,1221.05,0.000
2770,9,A,536.20,1221.05,0.000
2772,9,A,536.20,1221.05,0.000
2774,9,A,536.20,1221.05,0.000
2776,9,A,536.20,1221.05,0.000
2778,9,A,536.20,1221.05,0.000
2780,9,A,536.20,1221.05,0.000
2782,9,A,536.20,1221.05,0.000
2784,9,A,536.20,1221.05,0.000
2786,9,A,536.20,1221.05,0.000
2788,9,A,536.20,1221.05,0.000
2790,9,A,536.20,1221.05,0.000
2792,9,A,536.20,1221.05,0.000
2794,9,A,536.20,1221.05,0.000
2796,9,A,536.20,1221.05,0.000
2798,9,A,536.20,1221.05,0.000
2800,9,A,536.20,1221.05,0.000
2802,9,A,536.20,1221.05,0.000
2804,9,A,536.20,1221.05,0.000
2806,9,A,536.20,1221.05,0.000
2808,9,A,536.20,1221.05,0.000
2810,9,A,536.20,1221.05,0.000
2812,9,A,536.20,1221.05,0.000
2814,9,A,536.20,1221.05,0.000
2816,9,A,536.20,1221.05,0.000
2818,9,A,536.20,1221.05,0.000
2820,9,A,536.20,1221.05,0.000
2822,9,A,536.20,1221.05,0.000
2824,9,A,536.20,1221.05,0.000
2826,9,A,536.20,1221.05,0.000
2828,9,A,536.20,1221.05,0.000
2830,9,A,536.20,1221.05,0.000
2832,9,A,536.20,1221.05,0.000
2834,9,A,536.20,1221.05,0.000
2836,9,A,536.20,1221.05,0.000
2838,9,A,536.20,1221.05,0.000
2840,9,A,536.20,1221.05,0.000
2842,9,A,536.20,1221.05,0.000
2844,9,A,536.20,1221.05,0.000
2846,9,A,536.20,1221.05,0.000
2848,9,A,536.20,1221.05,0.000
2850,9,A,536.20,1221.05,0.000
2852,9,A,536.20,1221.05,0.000
2854,9,A,536.20,1221.05,0.000
2856,9,A,536.20,1221.05,0.000
2858,9,A,536.20,1221.05,0.000
2860,9,A,536.20,1221.05,0.000
2862,9,A,536.20,1221.05,0.000
2864,9,A,536.20,1221.05,0.000
2866,9,A,536.20,1221.05,0.000
2868,9,A,536.20,1221.05,0.000
2870,9,A,536.20,1221.05,0.000
2872,9,A,536.20,1221.05,0.000
2874,9,A,536.20,1221.05,0.000
2876,9,A,536.20,1221.05,0.000
2878,9,A,536.20,1221.05,0.000
2880,9,A,536.20,1221.05,0.000
2882,9,A,536.20,1221.05,0.000
2884,9,A,536.20,1221.05,0.000
2886,9,A,536.20,1221.05,0.000
2888,9,A,536.20,1221.05,0.000
2890,9,A,536.20,1221.05,0.000
2892,9,A,536.20,1221.05,0.000
2894,9,A,536.20,1221.05,0.000
2896,9,A,536.20,1221.05,0.000
2898,9,A,536.20,1221.05,0.000
2900,9,A,536.20,1221.05,0.000
2902,9,A,536.20,1221.05,0.000
2904,9,A,536.20,1221.05,0.000
2906,9,A,536.20,1221.05,0.000
2908,9,A,536.20,1221.05,0.000
2910,9,A,536.20,1221.05,0.000
2912,9,A,536.20,1221.05,0.000
2914,9,A,536.20,1221.05,0.000
2916,9,A,536.20,1221.05,0.000
2918,9,A,536.20,1221.05,0.000
2920,9,A,536.20,1221.05,0.000
2922,9,A,536.20,1221.05,0.000
2924,9,A,536.20,1221.05,0.000
2926,9,A,536.20,1221.05,0.000
2928,9,A,536.20,1221.05,0.000
2930,9,A,536.20,1221.05,0.000
2932,9,A,536.20,1221.05,0.000
2934,9,A,536.20,1221.05,0.000
2936,9,A,536.20,1221.05,0.000
2938,9,A,536.20,1221.05,0.000
2940,9,A,536.20,1221.05,0.000
2942,9,A,536.20,1221.05,0.000
2944,9,A,536.20,1221.05,0.000
2946,9,A,536.20,1221.05,0.000
2948,9,A,536.20,1221.05,0.000
2950,9,A,536.20,1221.05,0.000
2952,9,A,536.20,1221.05,0.000
2954,9,A,536.20,1221.05,0.000
2956,9,A,536.20,1221.05,0.000
2958,9,A,536.20,1221.05,0.000
2960,9,A,536.20,1221.05,0.000
2962,9,A,536.20,1221.05,0.000
2964,9,A,536.20,1221.05,0.000
2966,9,A,536.20,1221.05,0.000
2968,9,A,536.20,1221.05,0.000
2970,9,A,536.20,1221.05,0.000
2972,9,A,536.20,1221.05,0.000
2974,9,A,536.20,1221.05,0.000
2976,9,A,536.20,1221.05,0.000
2978,9,A,536.20,1221.05,0.000
2980,9,A,536.20,1221.05,0.000
2982,10,A,552.70,1218.90,9.716
2984,10,A,556.60,1218.80,8.016
2986,10,A,561.50,1218.80,4.469
2988,10,A,566.20,1218.90,1.031
2990,10,A,569.70,1219.00,-1.492
2992,10,A,571.00,1219.10,-2.522
2994,10,A,569.90,1219.20,-1.777
2996,10,A,566.50,1219.20,-0.640
2998,10,A,561.60,1219.10,0.000
3000,10,A,556.40,1219.00,0.782
3002,10,A,551.90,1218.90,1.564
3004,10,A,549.30,1218.80,2.274
3006,10,A,549.00,1218.80,2.841
3008,10,A,551.40,1218.90,3.089
3010,10,A,556.10,1219.00,2.947
3012,10,A,562.00,1219.00,2.309
3014,10,A,567.90,1219.10,1.244
3016,10,A,572.40,1219.00,-0.036
3018,10,A,574.70,1219.00,-1.350
3020,10,A,574.20,1218.90,-2.522
3022,10,A,570.90,1218.80,-3.479
3024,10,A,565.50,1218.80,-4.010
3026,10,A,559.00,1218.90,-3.939
3028,10,A,552.80,1219.00,-3.266
3030,10,A,548.30,1219.10,-2.132
3032,10,A,546.20,1219.20,-0.782
3034,10,A,547.10,1219.20,0.675
3036,10,A,550.60,1219.10,2.061
3038,10,A,556.20,1219.00,3.160
3040,10,A,562.60,1218.90,3.762
3042,10,A,568.50,1218.80,3.762
3044,10,A,572.60,1218.80,3.266
3046,10,A,574.10,1218.90,2.380
3048,10,A,572.90,1218.90,1.279
3050,10,A,569.30,1219.00,0.107
3052,10,A,564.10,1219.10,-1.031
3054,10,A,558.30,1219.10,-1.919
3056,10,A,553.40,1219.00,-2.380
3058,10,A,550.30,1218.90,-2.416
3060,10,A,549.70,1218.80,-2.203
3062,10,A,551.60,1218.80,-1.883
3064,10,A,555.50,1218.80,-1.492
3066,10,A,560.40,1218.90,-0.960
3068,10,A,565.30,1219.10,-0.462
3070,10,A,569.10,1219.10,-0.107
3072,10,A,570.80,1219.20,0.142
3074,10,A,570.00,1219.10,0.355
3076,10,A,566.90,1219.10,0.640
3078,10,A,562.30,1218.90,0.995
3080,10,A,557.40,1218.80,1.421
3082,10,A,553.00,1218.80,1.777
3084,10,A,550.40,1218.80,2.025
3086,10,A,550.00,1218.90,2.167
3088,10,A,552.30,1219.00,2.132
3090,10,A,556.60,1219.10,1.777
3092,10,A,562.10,1219.10,0.995
3094,10,A,567.60,1219.00,-0.036
3096,10,A,571.80,1218.90,-1.137
3098,10,A,573.80,1218.90,-2.167
3100,10,A,573.10,1218.80,-3.054
3102,10,A,569.80,1218.80,-3.621
3104,10,A,564.40,1218.90,-3.656
3106,10,A,558.10,1219.00,-3.160
3108,10,A,552.20,1219.10,-2.167
3110,10,A,548.00,1219.20,-0.853
3112,10,A,546.30,1219.10,0.604
3114,10,A,547.40,1219.10,1.990
3116,10,A,551.30,1219.00,3.160
3118,10,A,557.10,1218.90,3.904
3120,10,A,563.70,1218.80,4.045
3122,10,A,569.60,1218.80,3.585
3124,10,A,573.60,1218.90,2.628
3126,10,A,575.00,1219.00,1.457
3128,10,A,573.50,1219.00,0.142
3130,10,A,569.60,1219.10,-1.208
3132,10,A,563.90,1219.00,-2.345
3134,10,A,557.80,1218.90,-3.089
3136,10,A,552.50,1218.90,-3.302
3138,10,A,549.20,1218.80,-3.018
3140,10,A,548.60,1218.80,-2.451
3142,10,A,550.50,1218.90,-1.706
3144,10,A,554.50,1219.00,-0.817
3146,10,A,559.70,1219.10,0.071
3148,10,A,564.90,1219.20,0.817
3150,10,A,569.00,1219.20,1.315
3152,10,A,571.10,1219.10,1.492
3154,10,A,570.50,1219.00,1.492
3156,10,A,567.80,1218.90,1.492
3158,10,A,563.40,1218.80,1.457
3160,10,A,558.50,1218.80,1.386
3162,10,A,554.10,1218.90,1.315
3164,10,A,551.30,1219.00,1.208
3166,10,A,550.70,1219.00,1.102
3168,10,A,552.60,1219.10,0.889
3170,10,A,556.60,1219.10,0.427
3172,10,A,561.70,1219.00,-0.249
3174,10,A,566.80,1218.90,-1.031
3176,10,A,570.80,1218.80,-1.812
3178,10,A,572.70,1218.80,-2.486
3180,10,A,572.00,1218.90,-2.947
3182,10,A,568.80,1218.90,-3.089
3184,10,A,563.60,1219.10,-2.770
3186,10,A,557.60,1219.20,-1.954
3188,10,A,552.10,1219.20,-0.817
3190,10,A,548.20,1219.10,0.462
3192,10,A,546.80,1219.00,1.777
3194,10,A,548.20,1218.90,2.912
3196,10,A,552.30,1218.80,3.727
3198,10,A,558.20,1218.80,4.045
3200,10,A,564.80,1218.90,3.727
3202,10,A,570.50,1219.00,2.841
3204,10,A,574.30,1219.00,1.599
3206,10,A,575.40,1219.10,0.213
3208,10,A,573.60,1219.10,-1.208
3210,10,A,569.30,1219.00,-2.486
3212,10,A,563.30,1218.90,-3.408
3214,10,A,556.90,1218.80,-3.798
3216,10,A,551.40,1218.80,-3.621
3218,10,A,548.10,1218.90,-2.983
3220,10,A,547.50,1218.90,-2.025
3222,10,A,549.60,1219.00,-0.924
3224,10,A,553.90,1219.10,0.249
3226,10,A,559.50,1219.20,1.350
3228,10,A,565.10,1219.10,2.167
3230,10,A,569.50,1219.00,2.522
3232,10,A,571.80,1218.90,2.451
3234,10,A,571.50,1218.90,2.167
3236,10,A,568.80,1218.80,1.741
3238,10,A,564.50,1218.80,1.244
3240,10,A,559.50,1218.90,0.711
3242,10,A,554.90,1219.00,0.249
3244,10,A,551.70,1219.10,-0.036
3246,10,A,550.80,1219.10,-0.213
3248,10,A,552.40,1219.00,-0.391
3250,10,A,556.00,1218.90,-0.711
3252,10,A,560.90,1218.90,-1.137
3254,10,A,565.70,1218.80,-1.528
3256,10,A,569.60,1218.80,-1.848
3258,10,A,571.60,1218.90,-2.061
3260,10,A,571.10,1219.00,-2.167
3262,10,A,568.10,1219.10,-2.025
3264,10,A,563.20,1219.20,-1.492
3266,10,A,557.60,1219.10,-0.604
3268,10,A,552.50,1219.10,0.498
3270,10,A,548.90,1218.90,1.564
3272,10,A,547.80,1218.90,2.522
3274,10,A,549.30,1218.80,3.266
3276,10,A,553.40,1218.80,3.656
3278,10,A,559.30,1218.90,3.550
3280,10,A,565.60,1219.00,2.806
3282,10,A,571.10,1219.10,1.635
3284,10,A,574.50,1219.10,0.284
3286,10,A,575.30,1219.00,-1.102
3288,10,A,573.10,1219.00,-2.416
3290,10,A,568.50,1218.90,-3.479
3292,10,A,562.30,1218.80,-4.045
3294,10,A,555.70,1218.80,-4.010
3296,10,A,550.30,1218.90,-3.373
3298,10,A,547.20,1219.00,-2.309
3300,10,A,546.80,1219.10,-1.031
3302,10,A,549.10,1219.20,1.279
3304,10,A,553.80,1219.20,5.105
3306,10,A,559.70,1219.10,9.578
3308,10,A,565.70,1219.00,13.668
3310,10,A,570.40,1218.90,16.484
3312,10,A,572.90,1218.80,17.621
3314,10,A,572.60,1218.80,17.750
3316,11,A,543.11,1210.98,12.325
3318,11,A,542.55,1218.70,7.209
3320,11,A,541.93,1223.95,4.962
3322,11,A,541.30,1226.69,3.610
3324,11,A,540.72,1227.12,2.667
3326,11,A,540.21,1225.55,1.949
3328,11,A,539.80,1222.41,1.372
3330,11,A,539.50,1218.18,0.891
3332,11,A,539.31,1213.35,0.482
3334,11,A,539.22,1208.39,0.132
3336,11,A,539.23,1203.70,-0.165
3338,11,A,539.31,1199.58,-0.409
3340,11,A,539.44,1196.28,-0.595
3342,11,A,539.59,1193.92,-0.717
3344,11,A,539.76,1192.53,-0.764
3346,11,A,539.91,1192.08,-0.729
3348,11,A,540.04,1192.46,-0.610
3350,11,A,540.13,1193.50,-0.418
3352,11,A,540.18,1195.04,-0.174
3354,11,A,540.19,1196.88,0.089
3356,11,A,540.16,1198.84,0.335
3358,11,A,540.08,1200.75,0.536
3360,11,A,539.98,1202.48,0.676
3362,11,A,539.86,1203.93,0.752
3364,11,A,539.72,1205.03,0.770
3366,11,A,539.58,1205.75,0.742
3368,11,A,539.45,1206.12,0.680
3370,11,A,539.32,1206.14,0.596
3372,11,A,539.21,1205.89,0.499
3374,11,A,539.12,1205.42,0.397
3376,11,A,539.05,1204.82,0.296
3378,11,A,539.00,1204.14,0.201
3380,11,A,538.97,1203.47,0.117
3382,11,A,538.95,1202.85,0.045
3384,11,A,538.95,1202.32,-0.013
3386,11,A,538.95,1201.93,-0.056
3388,11,A,538.97,1201.68,-0.084
3390,11,A,538.99,1201.58,-0.099
3392,11,A,539.01,1201.61,-0.102
3394,11,A,539.03,1201.76,-0.096
3396,11,A,539.04,1202.00,-0.084
3398,11,A,539.06,1202.30,-0.069
3400,11,A,539.07,1202.64,-0.055
3402,11,A,539.08,1202.98,-0.044
3404,11,A,539.09,1203.30,-0.038
3406,11,A,539.09,1203.59,-0.038
3408,11,A,539.10,1203.82,-0.044
3410,11,A,539.11,1204.00,-0.057
3412,11,A,539.12,1204.11,-0.074
3414,11,A,539.14,1204.17,-0.097
3416,11,A,539.16,1204.17,-0.122
3418,11,A,539.19,1204.12,-0.149
3420,11,A,539.22,1204.04,-0.177
3422,11,A,539.26,1203.94,-0.204
3424,11,A,539.30,1203.82,-0.229
3426,11,A,539.35,1203.70,-0.252
3428,11,A,539.40,1203.58,-0.273
3430,11,A,539.46,1203.47,-0.289
3432,11,A,539.51,1203.38,-0.303
3434,11,A,539.58,1203.30,-0.313
3436,11,A,539.64,1203.25,-0.319
3438,11,A,539.70,1203.20,-0.323
3440,11,A,539.76,1203.17,-0.325
3442,11,A,539.83,1203.15,-0.324
3444,11,A,539.89,1203.13,-0.322
3446,11,A,539.95,1203.11,-0.319
3448,11,A,540.02,1203.09,-0.315
3450,11,A,540.08,1203.06,-0.310
3452,11,A,540.14,1203.02,-0.305
3454,11,A,540.20,1202.98,-0.300
3456,11,A,540.26,1202.92,-0.295
3458,11,A,540.31,1202.86,-0.290
3460,11,A,540.37,1202.79,-0.284
3462,11,A,540.43,1202.71,-0.277
3464,11,A,540.48,1202.62,-0.270
3466,11,A,540.53,1202.53,-0.262
3468,11,A,540.58,1202.44,-0.253
3470,11,A,540.63,1202.35,-0.243
3472,11,A,540.68,1202.27,-0.232
3474,11,A,540.72,1202.19,-0.219
3476,11,A,540.76,1202.11,-0.205
3478,11,A,540.80,1202.04,-0.190
3480,11,A,540.84,1201.98,-0.174
3482,11,A,540.87,1201.92,-0.157
3484,11,A,540.90,1201.87,-0.140
3486,11,A,540.93,1201.83,-0.121
3488,11,A,540.95,1201.79,-0.102
3490,11,A,540.97,1201.76,-0.083
3492,11,A,540.98,1201.73,-0.063
3494,11,A,540.99,1201.70,-0.043
3496,11,A,541.00,1201.68,-0.023
3498,11,A,541.00,1201.66,-0.003
3500,11,A,541.00,1201.64,0.017
3502,11,A,540.99,1201.63,0.036
3504,11,A,540.98,1201.62,0.055
3506,11,A,540.97,1201.61,0.074
3508,11,A,540.96,1201.60,0.093
3510,11,A,540.94,1201.60,0.111
3512,11,A,540.91,1201.60,0.129
3514,11,A,540.89,1201.59,0.146
3516,11,A,540.86,1201.60,0.163
3518,11,A,540.82,1201.60,0.179
3520,11,A,540.78,1201.60,0.195
3522,11,A,540.75,1201.61,0.210
3524,11,A,540.70,1201.62,0.224
3526,11,A,540.66,1201.62,0.237
3528,11,A,540.61,1201.63,0.250
3530,11,A,540.56,1201.64,0.261
3532,11,A,540.51,1201.65,0.272
3534,11,A,540.45,1201.66,0.281
3536,11,A,540.40,1201.66,0.290
3538,11,A,540.34,1201.67,0.297
3540,11,A,540.28,1201.68,0.303
3542,11,A,540.22,1201.68,0.308
3544,11,A,540.16,1201.68,0.312
3546,11,A,540.10,1201.68,0.315
3548,11,A,540.04,1201.68,0.316
3550,11,A,539.97,1201.67,0.316
3552,11,A,539.91,1201.67,0.315
3554,11,A,539.85,1201.66,0.313
3556,11,A,539.79,1201.65,0.309
3558,11,A,539.73,1201.64,0.304
3560,11,A,539.67,1201.62,0.299
3562,11,A,539.61,1201.61,0.292
3564,11,A,539.55,1201.59,0.283
3566,11,A,539.50,1201.58,0.274
3568,11,A,539.45,1201.56,0.264
3570,11,A,539.40,1201.54,0.253
3572,11,A,539.35,1201.53,0.240
3574,11,A,539.30,1201.51,0.227
3576,11,A,539.26,1201.49,0.213
3578,11,A,539.22,1201.48,0.198
3580,11,A,539.18,1201.47,0.183
3582,11,A,539.15,1201.45,0.166
3584,11,A,539.12,1201.44,0.149
3586,11,A,539.09,1201.44,0.132
3588,11,A,539.07,1201.43,0.113
3590,11,A,539.05,1201.43,0.095
3592,11,A,539.03,1201.43,0.076
3594,11,A,539.02,1201.43,0.057
3596,11,A,539.01,1201.44,0.037
3598,11,A,539.00,1201.45,0.018
3600,11,A,539.00,1201.47,-0.002
3602,11,A,539.00,1201.49,-0.022
3604,11,A,539.01,1201.52,-0.041
3606,11,A,539.02,1201.54,-0.061
3608,11,A,539.03,1201.58,-0.080
3610,11,A,539.05,1201.61,-0.099
3612,11,A,539.07,1201.66,-0.117
3614,11,A,539.10,1201.70,-0.135
3616,11,A,539.12,1201.75,-0.153
3618,11,A,539.16,1201.81,-0.170
3620,11,A,539.19,1201.87,-0.186
3622,11,A,539.23,1201.93,-0.202
3624,11,A,539.27,1202.00,-0.216
3626,11,A,539.31,1202.06,-0.230
3628,11,A,539.36,1202.14,-0.243
3630,11,A,539.41,1202.21,-0.256
3632,11,A,539.46,1202.29,-0.267
3634,11,A,539.51,1202.36,-0.277
3636,11,A,539.57,1202.44,-0.286
3638,11,A,539.62,1202.52,-0.294
3640,11,A,539.68,1202.60,-0.301
3642,11,A,539.74,1202.68,-0.306
3644,11,A,539.80,1202.76,-0.311
3646,11,A,539.86,1202.84,-0.327
3648,12,A,402.18,1331.85,-0.394
3650,12,A,402.14,1331.40,-0.394
3652,12,A,402.01,1331.06,-0.394
3654,12,A,401.83,1330.87,-0.394
3656,12,A,401.64,1330.81,-0.394
3658,12,A,401.52,1330.75,-0.394
3660,12,A,401.53,1330.57,-0.394
3662,12,A,401.71,1330.23,-0.391
3664,12,A,402.01,1329.80,-0.382
3666,12,A,402.37,1329.37,-0.361
3668,12,A,402.73,1328.95,-0.322
3670,12,A,403.01,1328.46,-0.263
3672,12,A,403.19,1327.73,-0.190
3674,12,A,403.28,1326.62,-0.119
3676,12,A,403.31,1325.11,-0.064
3678,12,A,403.27,1323.32,-0.028
3680,12,A,403.17,1321.46,-0.010
3682,12,A,402.96,1319.71,-0.003
3684,12,A,402.67,1318.14,-0.001
3686,12,A,402.38,1316.76,-0.000
3688,12,A,402.18,1315.49,-0.000
3690,12,A,402.13,1314.22,-0.000
3692,12,A,402.25,1312.88,0.000
3694,12,A,402.56,1311.22,0.000
3696,12,A,402.94,1309.22,0.000
3698,12,A,403.33,1306.95,0.000
3700,12,A,403.70,1304.61,0.000
3702,12,A,403.98,1302.48,0.000
3704,12,A,404.18,1300.62,0.000
3706,12,A,404.29,1299.08,0.000
3708,12,A,404.28,1298.07,0.000
3710,12,A,404.10,1297.81,0.000
3712,12,A,403.76,1298.44,0.000
3714,12,A,403.50,1299.49,0.000
3716,12,A,403.42,1300.60,0.000
3718,12,A,403.57,1301.44,0.000
3720,12,A,403.89,1301.82,0.000
3722,12,A,404.24,1301.92,0.000
3724,12,A,404.49,1302.04,0.000
3726,12,A,404.61,1302.23,0.000
3728,12,A,404.64,1302.30,0.000
3730,12,A,404.59,1302.14,0.000
3732,12,A,404.43,1301.90,0.000
3734,12,A,404.14,1301.83,0.000
3736,12,A,403.76,1302.03,0.000
3738,12,A,403.47,1302.27,0.000
3740,12,A,403.43,1302.29,0.000
3742,12,A,403.66,1302.09,0.000
3744,12,A,404.01,1301.87,0.000
3746,12,A,404.34,1301.87,0.000
3748,12,A,404.54,1302.07,0.000
3750,12,A,404.62,1302.27,0.000
3752,12,A,404.62,1302.27,0.000
3754,12,A,404.54,1302.05,0.000
3756,12,A,404.33,1301.86,0.000
3758,12,A,404.00,1301.87,0.000
3760,12,A,403.65,1302.09,0.000
3762,12,A,403.43,1302.27,0.000
3764,12,A,403.49,1302.22,0.000
3766,12,A,403.78,1301.98,0.000
3768,12,A,404.15,1301.81,0.000
3770,12,A,404.44,1301.89,0.000
3772,12,A,404.57,1302.17,0.000
3774,12,A,404.62,1302.32,0.000
3776,12,A,404.59,1302.23,0.000
3778,12,A,404.49,1301.94,0.000
3780,12,A,404.23,1301.80,0.000
3782,12,A,403.87,1301.91,0.000
3784,12,A,403.54,1302.16,0.000
3786,12,A,403.42,1302.27,0.000
3788,12,A,403.57,1302.13,0.000
3790,12,A,403.91,1301.89,0.000
3792,12,A,404.27,1301.79,0.000
3794,12,A,404.51,1301.95,0.000
3796,12,A,404.62,1302.19,0.000
3798,12,A,404.63,1302.27,0.000
3800,12,A,404.57,1302.11,0.000
3802,12,A,404.40,1301.87,0.000
3804,12,A,404.09,1301.84,0.000
3806,12,A,403.74,1301.99,0.000
3808,12,A,403.47,1302.22,0.000
3810,12,A,403.45,1302.24,0.000
3812,12,A,403.68,1302.03,0.000
3814,12,A,404.04,1301.82,0.000
3816,12,A,404.37,1301.82,0.000
3818,12,A,404.56,1302.04,0.000
3820,12,A,404.63,1302.24,0.000
3822,12,A,404.62,1302.24,0.000
3824,12,A,404.53,1302.01,0.000
3826,12,A,404.31,1301.82,0.000
3828,12,A,403.97,1301.85,0.000
3830,12,A,403.62,1302.08,0.000
3832,12,A,403.43,1302.26,0.000
3834,12,A,403.50,1302.19,0.000
3836,12,A,403.78,1302.00,0.000
3838,12,A,404.16,1301.83,0.000
3840,12,A,404.45,1301.90,0.000
3842,12,A,404.59,1302.14,0.000
3844,12,A,404.63,1302.27,0.000
3846,12,A,404.61,1302.15,0.000
3848,12,A,404.47,1301.90,0.000
3848,12,B,979.81,-2239.41,170.088
3850,12,A,404.21,1301.79,0.000
3850,12,B,973.89,-2185.83,170.088
3852,12,A,403.84,1301.92,0.000
3852,12,B,966.89,-2127.39,170.088
3854,12,A,403.53,1302.16,0.000
3854,12,B,959.75,-2069.88,170.088
3856,12,A,403.42,1302.26,0.000
3856,12,B,953.29,-2016.76,170.088
3858,12,A,403.59,1302.11,0.000
3858,12,B,946.79,-1960.88,170.088
3860,12,A,403.94,1301.87,0.000
3860,12,B,940.15,-1901.06,170.088
3862,12,A,404.28,1301.81,0.000
3862,12,B,934.33,-1846.00,170.088
3864,12,A,404.50,1302.01,0.000
3864,12,B,928.59,-1792.71,170.088
3866,12,A,404.61,1302.24,0.000
3866,12,B,921.91,-1735.62,170.088
3868,12,A,404.63,1302.27,0.000
3868,12,B,914.67,-1677.06,170.088
3870,12,A,404.57,1302.08,0.000
3870,12,B,908.05,-1623.20,170.088
3872,12,A,404.39,1301.85,0.000
3872,12,B,901.64,-1568.89,170.088
3874,12,A,404.06,1301.87,0.000
3874,12,B,895.08,-1510.60,170.088
3876,12,A,403.71,1302.03,0.000
3876,12,B,888.87,-1452.92,170.088
3878,12,A,403.46,1302.23,0.000
3878,12,B,883.20,-1399.37,170.088
3880,12,A,403.45,1302.24,0.000
3880,12,B,876.81,-1343.34,170.088
3882,12,A,403.70,1302.06,0.000
3882,12,B,869.44,-1283.29,170.088
3884,12,A,404.06,1301.86,0.000
3884,12,B,862.17,-1225.13,170.088
3886,12,A,404.38,1301.88,0.000
3886,12,B,854.66,-1164.20,170.088
3888,12,A,404.56,1302.13,0.000
3888,12,B,847.33,-1101.77,170.088
3890,12,A,404.63,1302.33,0.000
3890,12,B,840.70,-1041.84,170.088
3892,12,A,404.62,1302.30,0.000
3892,12,B,834.93,-987.34,170.088
3894,12,A,404.51,1302.09,0.000
3894,12,B,828.96,-933.25,170.088
3896,12,A,404.29,1301.91,0.000
3896,12,B,822.14,-876.38,170.088
3898,12,A,403.95,1301.98,0.000
3898,12,B,815.14,-820.01,170.088
3900,12,A,403.60,1302.24,0.000
3900,12,B,808.57,-766.04,170.088
3902,12,A,403.41,1302.42,0.000
3902,12,B,802.18,-710.93,170.088
3904,12,A,403.51,1302.35,0.000
3904,12,B,795.84,-653.65,170.088
3906,12,A,403.82,1302.13,0.000
3906,12,B,789.94,-598.16,170.088
3908,12,A,404.18,1301.99,-0.000
3908,12,B,784.56,-546.86,170.088
3910,12,A,404.44,1302.16,-0.000
3910,12,B,778.87,-496.10,170.088
3912,12,A,404.51,1302.57,-0.000
3912,12,B,772.53,-443.34,170.088
3914,12,A,404.44,1302.99,-0.003
3914,12,B,765.91,-389.21,170.088
3916,12,A,404.34,1303.13,-0.012
3916,12,B,759.43,-334.22,170.088
3918,12,A,404.12,1303.32,-0.042
3918,12,B,753.01,-277.13,170.088
3920,12,A,403.73,1303.80,-0.111
3920,12,B,746.89,-220.41,170.088
3922,12,A,403.26,1304.31,-0.242
3922,12,B,741.02,-165.97,170.088
3924,12,A,402.92,1304.28,-0.450
3924,12,B,734.74,-111.93,170.092
3926,12,A,402.86,1303.33,-0.758
3926,12,B,727.78,-57.20,170.114
3928,12,A,403.04,1301.34,-1.229
3928,12,B,720.79,-4.43,170.197
3930,12,A,403.40,1298.52,-1.977
3930,12,B,714.18,46.25,170.417
3932,12,A,404.00,1295.07,-3.092
3932,12,B,707.88,97.11,170.852
3934,12,A,404.95,1291.16,-4.517
3934,12,B,702.34,146.74,171.512
3936,12,A,406.25,1286.60,-6.045
3936,12,B,697.91,192.28,172.284
3938,12,A,407.83,1280.94,-7.498
3938,12,B,694.17,233.79,172.957
3940,12,A,409.53,1274.10,-8.914
3940,12,B,690.62,272.32,173.320
3942,12,A,411.23,1266.63,-10.500
3942,12,B,686.87,308.84,173.302
3944,12,A,413.06,1258.90,-12.396
3944,12,B,682.92,343.66,173.026
3946,12,A,415.21,1250.99,-14.473
3946,12,B,678.92,377.12,172.673
3948,12,A,417.80,1242.79,-16.357
3948,12,B,675.00,409.58,172.308
3950,12,A,420.85,1234.06,-17.655
3950,12,B,671.23,440.74,171.843
3952,12,A,424.20,1224.62,-18.217
3952,12,B,667.63,469.60,171.151
3954,12,A,427.68,1214.57,-18.208
3954,12,B,663.91,495.69,170.198
3956,12,A,431.17,1204.13,-17.961
3956,12,B,659.82,519.50,169.112
3958,12,A,434.68,1193.63,-17.737
3958,12,B,655.36,541.63,168.060
3960,12,A,438.22,1183.26,-17.610
3960,12,B,650.67,562.40,167.092
3962,12,A,441.73,1173.04,-17.529
3962,12,B,646.08,581.22,166.111
3964,12,A,445.20,1162.76,-17.468
3964,12,B,641.64,598.40,164.976
3966,12,A,448.65,1152.18,-17.492
3966,12,B,637.32,613.92,163.643
3968,12,A,452.09,1141.32,-17.687
3968,12,B,633.09,627.93,162.255
3970,12,A,455.55,1130.37,-18.068
3970,12,B,628.78,641.30,161.068
3972,12,A,459.05,1119.47,-18.548
3972,12,B,624.39,654.14,160.307
3974,12,A,462.60,1108.57,-19.006
3974,12,B,619.95,666.55,160.137
3976,12,A,466.23,1097.52,-19.365
3976,12,B,615.51,678.92,160.612
3978,12,A,469.97,1086.32,-19.587
3978,12,B,611.20,691.63,161.533
3980,12,A,473.82,1075.11,-19.600
3980,12,B,607.14,704.69,162.453
3982,12,A,477.78,1064.08,-19.273
3982,12,B,603.22,717.96,162.966
3984,12,A,481.63,1053.41,-18.525
3984,12,B,599.32,731.11,162.944
3986,12,A,485.06,1043.30,-17.508
3986,12,B,595.47,743.70,162.476
3988,12,A,487.89,1034.00,-16.634
3988,12,B,591.79,755.29,161.670
3990,12,A,490.19,1025.73,-16.343
3990,12,B,588.43,765.28,160.636
3992,12,A,492.11,1018.54,-16.815
3992,12,B,585.38,773.62,159.596
3994,12,A,493.83,1012.28,-17.887
3994,12,B,582.51,780.86,158.846
3996,12,A,495.43,1006.84,-19.224
3996,12,B,579.80,787.44,158.524
3998,12,A,496.94,1002.13,-20.521
3998,12,B,577.25,793.61,158.517
4000,12,A,498.39,998.03,-21.592
4000,12,B,574.83,799.59,158.618
4002,12,A,499.85,994.31,-22.358
4002,12,B,572.49,805.55,158.700
